equipment_id,timestamp,equipment_type,location_lat,location_long,ambient_temperature_C,humidity_percent,wind_speed_mps,precipitation_mm,load_current_A,voltage_kV,smart_meter_gasp_signal,vibration_level_g,insulation_resistance_MOhm,oil_temperature_C,historical_failures_count,time_since_last_failure_days,risk_score,risk_level
EQ_0000,2024-01-01 00:00:00,Transformer,18.861663446573512,95.57071488588757,44.2797576724562,67.89267873576293,2.340279606636548,3.119890406724053,70.32926425886981,29.38675593592325,0,0.9216167670276528,7.372653200164409,41.13214718626914,5,140,0.517,Medium
EQ_0001,2024-01-01 01:00:00,CircuitBreaker,36.12738571269784,92.14083658321223,23.493564427131048,34.54599737656805,2.7510676478015075,6.0848448591907545,233.66475107128323,17.662515503337126,0,0.4722822532871607,6.506676052501415,,1,377,0.281,Low
EQ_0002,2024-01-01 02:00:00,Transformer,12.045321958909213,76.47219480752133,29.654473731747668,56.48559873736288,11.777639420895204,3.9934756431671947,229.98205344476406,21.99519335927515,0,0.1173530984439967,6.467903667112945,49.378826802801036,4,216,0.328,Low
EQ_0003,2024-01-01 03:00:00,Transformer,9.886496196573106,95.51768058034666,53.625281322982374,84.67178784931689,4.56920653760056,1.9534422801276774,289.48155927925495,17.884117330969236,0,0.22695544052492928,5.456592191001432,41.89136866133701,0,111,0.414,Medium
EQ_0004,2024-01-01 04:00:00,CircuitBreaker,34.37029166028468,75.50461946640048,41.50089137415928,44.93688608715288,7.801020317667162,10.934205586865593,114.69905943393447,32.17878494964308,0,1.173942593873616,9.455490474077703,,4,101,0.474,Medium
EQ_0005,2024-01-01 05:00:00,Relay,33.94999316240182,85.33909938552146,51.87496940092467,27.07940016415356,2.939742936287178,0.9045457782107613,163.86561576714251,16.494286821616015,1,0.44345609607214903,8.458637582367365,,1,229,0.593,Medium
EQ_0006,2024-01-01 06:00:00,Relay,18.34584647411409,76.14710078093404,36.707843326329936,31.27393799798101,12.032954711310595,1.4910128735954165,395.41042781018103,26.85060877100975,1,0.33813773822454996,1.0496990541124216,,0,388,0.624,Medium
EQ_0007,2024-01-01 07:00:00,CircuitBreaker,31.64838142519019,88.49886297158089,44.160286721639494,81.70162773487566,1.1106697760113553,7.169314570885453,90.5541708337954,29.303792498641027,1,0.953782283899959,3.9780822236738427,,2,142,0.728,High
EQ_0008,2024-01-01 08:00:00,CircuitBreaker,9.843192158294686,77.01848732975421,28.007332881069882,78.36849426704512,9.563362070328196,17.74425485152653,215.27522380668225,9.229044640334145,0,1.0842049414733428,7.847065437552077,,2,52,0.38,Low
EQ_0009,2024-01-01 09:00:00,Transformer,24.27703872951539,90.35804821868227,34.75182385457563,61.818626350559526,6.413115275378244,0.5083825348819038,87.76199944765656,6.848588013541825,1,0.9727950963324816,3.82920382968694,67.97138801405865,0,183,0.643,Medium
EQ_0010,2024-01-01 10:00:00,Switch,34.31942774385669,75.22947464531737,31.415316921425188,80.4440910834439,3.431972482374337,1.5395981965758598,151.4130085198188,10.352974755858119,1,1.3980615958967308,8.273083416079754,,0,373,0.592,Medium
EQ_0011,2024-01-01 11:00:00,Cable,26.368708938802282,93.27235711544381,47.14688307596458,34.925604710882865,13.388384977349666,10.786844838313014,332.6040543074219,30.194465097934316,0,0.5111050387092027,1.9904673207490908,,3,40,0.546,Medium
EQ_0012,2024-01-01 12:00:00,Relay,14.610119713716308,80.38612587016144,47.72059063689972,88.85844666050747,0.10428195796786055,10.214946051551316,196.09385110207265,11.996910882709717,1,0.22380478263384007,4.038536542632651,,5,316,0.709,High
EQ_0013,2024-01-01 13:00:00,Switch,35.344381413463054,77.3728850286019,35.75162486973464,76.24151671161422,5.454444035689409,19.435641654419214,386.85655322973895,12.798121987284832,0,0.771010333543959,3.707904788350927,,5,35,0.524,Medium
EQ_0014,2024-01-01 14:00:00,Transformer,16.260374336946562,69.06972147328145,39.382573359195874,60.21432185830892,0.7721812687498403,5.572929284732229,367.8930600883288,12.468171048008255,0,0.2600975645322735,5.405074842498067,94.21077497608303,2,40,0.381,Low
EQ_0015,2024-01-01 15:00:00,CircuitBreaker,15.019602873833513,87.49193087477047,45.4647846131487,39.01100351939198,10.923245229177894,7.355662654385064,271.3070407077528,23.10530219054416,0,0.8268732919083999,1.8126079304896747,,3,142,0.582,Medium
EQ_0016,2024-01-01 16:00:00,Cable,32.2237723720879,77.30262188418034,22.46074041599417,23.262011324381113,8.863394147823627,13.55128723684565,55.805740124749654,19.82651257408059,1,0.37841887403701,6.806555113685048,,1,189,0.457,Medium
EQ_0017,2024-01-01 17:00:00,Switch,13.05662644114475,88.03719440497152,30.469413852021496,94.93839909893876,2.0628141621898988,6.82132702100517,89.71573243420617,30.966727693521197,0,1.3221420624024225,3.3214746494364005,,5,136,0.576,Medium
EQ_0018,2024-01-01 18:00:00,Transformer,27.139537334991193,91.69944380583526,37.2080324639785,62.37204626848052,3.627784363506775,1.8620553561179842,364.0255152836644,30.31128754340992,0,0.9679971130462385,4.051268119438307,59.20652660369635,4,373,0.531,Medium
EQ_0019,2024-01-01 19:00:00,CircuitBreaker,29.052714687236943,94.01619753862474,50.48345697060469,82.3900436686099,9.630474692314316,1.6827992999009767,106.57004993311482,30.26096309023114,0,0.9293221365064054,1.0827734645496667,,3,194,0.638,Medium
EQ_0020,2024-01-01 20:00:00,Switch,10.942674743114932,87.24155130413362,15.202463353848747,32.86464411339989,8.231006840498791,13.837903953853864,278.18644082591015,12.055271355435114,0,1.082659870953927,3.135241787471201,,5,166,0.465,Medium
EQ_0021,2024-01-01 21:00:00,Transformer,17.436591246618764,89.6482507484227,40.98531596188859,87.93787283953424,9.86419338450515,11.366172066709431,82.78616873983236,15.928326682604705,0,0.43454343313850186,3.195906790411752,93.51558051138451,0,412,0.418,Medium
EQ_0022,2024-01-01 22:00:00,Switch,19.39983401533605,93.86935010013629,40.245545039890516,83.58490428333187,7.539556396577882,11.538077692527182,222.38119283660237,11.271560670547203,1,1.0975555671291828,3.526951261967702,,2,33,0.735,High
EQ_0023,2024-01-01 23:00:00,CircuitBreaker,8.705163026512162,86.71869658130787,22.084427176281956,95.23668674823314,14.30892865503881,18.29728780440897,179.55554508940554,6.417328646279421,1,1.3960619157522018,4.8536573348558285,,1,335,0.63,Medium
EQ_0024,2024-01-02 00:00:00,Cable,36.03298975226642,95.94497933558833,49.120378218694405,43.55591136556686,5.776465929028879,17.022733430337137,160.92270180469717,10.576304160524497,1,0.8573618305646078,9.425392967447028,,5,234,0.694,Medium
EQ_0025,2024-01-02 01:00:00,CircuitBreaker,28.184864103574217,84.53177393259159,18.88705975083074,69.20057813593358,14.850807751563949,2.8016803047304806,231.41537832730785,29.689072942054796,1,1.1241144957435965,7.273141668957412,,1,126,0.527,Medium
EQ_0026,2024-01-02 02:00:00,Relay,28.37203843562617,78.4252433853729,26.743673770579733,84.74889243828109,12.15170092018771,17.341446371602075,369.63419339476496,19.80624476924532,1,0.7771986272964394,8.184656610700976,,5,299,0.586,Medium
EQ_0027,2024-01-02 03:00:00,Cable,26.848953992555188,88.3570394404734,46.83170677744404,91.2004273454053,5.069927352773037,7.51165905279888,82.89367894430416,21.6135638068967,1,0.10211629700527602,5.190382163192141,,2,112,0.605,Medium
EQ_0028,2024-01-02 04:00:00,CircuitBreaker,23.736694406519725,76.30969631172024,38.63333042276043,22.440019995123954,0.5602228312382163,16.452011213193167,176.06672449394202,9.430633841600889,1,0.8072527270794664,7.9299419778874976,,0,386,0.56,Medium
EQ_0029,2024-01-02 05:00:00,Transformer,14.258809797408453,86.063823798751,18.41389859975072,24.134537693488618,7.97031947352222,10.81270243220213,273.1004655243723,25.60446601051186,0,1.4649855152206752,5.646703134710758,57.762606011768526,1,321,0.403,Medium
EQ_0030,2024-01-02 06:00:00,CircuitBreaker,31.060399648292407,75.85413528660015,32.558856828225444,26.276510507381275,0.38026115123186266,19.252968293558503,342.59304217927206,24.791303564529844,1,0.6429817694006914,2.559648880637612,,4,32,0.692,Medium
EQ_0031,2024-01-02 07:00:00,Cable,12.536674237461495,75.25704404677326,36.969066588244814,77.16767381600499,9.90296065076597,5.598677938918857,384.20284823211796,25.92321675078575,1,0.853813376141531,6.5054867161091705,,4,239,0.665,Medium
EQ_0032,2024-01-02 08:00:00,Relay,20.168401810405907,75.18419869553357,29.238907146050465,80.62768883714952,0.21590232944633803,2.3214528101383247,66.10092470761346,7.099677662612194,1,1.2904178468159604,7.332920734420213,,4,440,0.665,Medium
EQ_0033,2024-01-02 09:00:00,Transformer,21.75104104353243,70.83719065887904,34.66463500467329,57.87774166244525,2.5980280486502276,8.67703298475946,189.4766570390807,22.627952647409845,0,0.9708857937580835,1.4077360879484007,60.603693804455915,5,453,0.59,Medium
EQ_0034,2024-01-02 10:00:00,Relay,26.149937555712857,82.59095149882255,49.25959364753289,72.69549052951561,2.4440164062214453,1.4113749480085969,274.8467473722105,6.715805384623789,1,0.8993745928465218,9.462072172824618,,5,174,0.699,Medium
EQ_0035,2024-01-02 11:00:00,Transformer,24.68875115840049,79.25692785998913,40.73152873769413,56.660231239321334,8.184251839739025,18.8292961755305,185.13592323027098,31.952145223245683,1,1.3627584308362923,2.762120213103668,43.8148715481341,3,80,0.809,High
EQ_0036,2024-01-02 12:00:00,Cable,10.922562039945372,68.52843294389494,18.777718430237137,74.64054187330855,1.067829726903435,6.379512605875226,345.7063588393091,6.628342264867299,0,1.2309792997539568,3.5366929729605996,,5,448,0.496,Medium
EQ_0037,2024-01-02 13:00:00,Switch,11.426780001028032,88.20537779556037,40.157713871195355,90.19776108216423,11.026065657058286,16.06961860769697,148.71210039995725,10.790867682052516,0,1.1383913898792446,8.261512653405376,,4,467,0.486,Medium
EQ_0038,2024-01-02 14:00:00,Transformer,36.72464911801953,79.96591263043138,29.880723431711328,82.11303685935974,5.112053103795268,18.615146512071295,350.44446314505416,17.582838739125496,1,1.1387630482976712,7.7908858667621415,45.67181278597629,5,259,0.659,Medium
EQ_0039,2024-01-02 15:00:00,Relay,34.174034293707436,82.65231880098786,48.058298644309666,45.603968082448944,13.432848427443007,7.784033574683262,53.79317801810443,30.445313363320118,0,0.18236568133989367,3.873822738313734,,1,191,0.429,Medium
EQ_0040,2024-01-02 16:00:00,CircuitBreaker,35.551797044473346,95.56760726118912,37.93751552493144,70.54697697358394,6.726682829674797,5.864215433961291,165.0325908794706,24.157998314080036,0,1.140943067684636,8.124211393532637,,4,165,0.477,Medium
EQ_0041,2024-01-02 17:00:00,Cable,30.89892614104206,70.64497698841203,34.77681218810326,24.604700801331543,8.242933234856032,8.83061002746754,360.6964639654049,15.474705338906125,0,0.2197471738200285,2.2869251384755227,,0,475,0.373,Low
EQ_0042,2024-01-02 18:00:00,Switch,30.083808319806696,85.92832383617157,19.04490704491161,26.728544489199795,10.5145369718868,1.4552601272838706,337.6510207516247,25.068540133225397,1,0.16795573193075466,1.7635394267667273,,1,29,0.511,Medium
EQ_0043,2024-01-02 19:00:00,CircuitBreaker,36.612547776534086,78.85385307692749,29.825685882675636,85.0239653806002,14.208728660757881,19.720021276457416,313.6823648406296,16.159008809334725,0,0.1710760392130697,7.994322243346931,,0,374,0.226,Low
EQ_0044,2024-01-02 20:00:00,Cable,24.193723242338347,80.30243826816232,51.25417540378944,28.895798584492105,7.3893765643628875,0.22707289534838138,214.0312246979442,7.520188443409609,0,0.2222859785887043,2.057736220993944,,4,392,0.548,Medium
EQ_0045,2024-01-02 21:00:00,CircuitBreaker,26.827098761365843,89.63530149869727,38.334750603886384,96.97380387796335,5.623058692855561,5.714241725637215,354.0096948663111,12.03708764002522,0,1.4466726821888864,1.109390272208347,,5,243,0.68,Medium
EQ_0046,2024-01-02 22:00:00,Relay,36.12648597452153,69.2516374465667,50.645724547922846,62.21608872690399,14.894471941789504,1.4759312947079772,243.84899954046227,32.17116846171567,0,0.8084918740467159,6.664587743217362,,2,270,0.491,Medium
EQ_0047,2024-01-02 23:00:00,Relay,28.176711980553897,81.18169087826543,40.10232320336254,66.74514495384801,13.517370157364835,0.9089276068291574,148.3371163572806,31.661110070067085,1,1.3408824866418287,5.100910775071417,,1,475,0.716,High
EQ_0048,2024-01-03 00:00:00,Relay,25.983845336244567,76.04405430645285,22.52484638895045,57.09587239519857,5.300283420390793,11.673122237017441,77.20712293774469,32.3086598069865,0,1.480005579495424,7.2834554261777065,,5,159,0.475,Medium
EQ_0049,2024-01-03 01:00:00,Cable,23.54679462397949,76.97630087230351,47.551800788277944,74.77849380431034,2.4392540901733692,18.21854368987685,337.8880350231091,31.64459765888195,1,1.102293287163122,6.520736763422109,,3,460,0.736,High
EQ_0050,2024-01-03 02:00:00,Relay,20.129048052427947,95.04912601726639,49.642555580016335,23.617493608495153,0.3955046174587801,7.5292673375609915,333.6936657736415,32.6564554915035,1,0.2681044921001159,6.347176438169216,,0,126,0.58,Medium
EQ_0051,2024-01-03 03:00:00,CircuitBreaker,19.045834842299623,96.12751753662349,48.684756925428346,87.06629637689103,7.030397396924554,8.296390046753304,145.69247517574718,7.522138409575032,0,1.3038474455698272,8.316109082170698,,2,10,0.513,Medium
EQ_0052,2024-01-03 04:00:00,Relay,36.99181252529779,96.90246827514326,37.2172682241051,81.51899321444084,14.17148594823642,16.99294781354823,136.5718356101192,18.164691653372525,0,0.2372811519696677,9.586459245328502,,4,112,0.323,Low
EQ_0053,2024-01-03 05:00:00,Transformer,25.57906439907552,74.63064135960042,41.86802737623427,69.45025923663167,5.372440770492608,2.2711518439925804,285.05061845747986,20.04830792440242,0,1.1698616680166771,5.68147151000794,86.8699825175197,5,323,0.571,Medium
EQ_0054,2024-01-03 06:00:00,Transformer,24.00529832446008,84.2672011745262,50.0661441063338,52.27862929699177,2.010228426759611,0.5756535262667795,314.29803948576665,22.748357886543545,0,1.0709156637438741,2.9166774535801965,47.50043115727234,0,463,0.558,Medium
EQ_0055,2024-01-03 07:00:00,Transformer,8.421795304368576,78.16703920539132,38.59670747418532,51.379523607978584,6.562123830355936,18.083173889874967,171.8894134581551,19.87771620731489,1,1.1862968684746575,4.568885040891431,74.21476851253304,0,263,0.677,Medium
EQ_0056,2024-01-03 08:00:00,CircuitBreaker,33.00854755365561,95.53609808607162,20.882939237161516,94.12701001291956,7.381744396193072,5.1648877659791665,210.69751468339146,32.46087953270788,1,0.7642962362896609,3.958764492587574,,5,248,0.637,Medium
EQ_0057,2024-01-03 09:00:00,CircuitBreaker,26.368624775185047,74.9642229445676,18.034533124346556,30.310377752851938,1.9206875843665867,3.038053870245887,98.58951042729355,23.303618109686795,0,0.31372612237875996,4.111005549914768,,5,478,0.358,Low
EQ_0058,2024-01-03 10:00:00,Relay,34.00686388727434,81.7448875676233,41.702309540841085,33.78558969613039,2.8843352821300616,0.8173723253295773,109.1272720752576,13.521939153862883,1,0.30666520220128285,1.7983228038135004,,1,401,0.652,Medium
EQ_0059,2024-01-03 11:00:00,Cable,11.498440261917423,81.36258427294905,23.2533487362317,49.14158888384604,7.5512590628228535,13.807896572587307,63.75924894438462,27.58408077054415,1,0.9604555647618163,1.7358312875398472,,1,48,0.64,Medium
EQ_0060,2024-01-03 12:00:00,Transformer,33.33378009909654,94.70529961542258,17.44311839419455,42.1502118517763,12.09301919689592,14.965193807673167,114.58235677473206,11.652431730091179,1,0.587184549047504,5.360706866719192,74.00401243416627,2,216,0.506,Medium
EQ_0061,2024-01-03 13:00:00,Cable,18.6984955475234,81.41350676786129,44.89883752535026,22.934656231247832,3.7865541651603114,14.266991717691049,363.3223931905198,19.815290937122985,1,0.8215645536347077,1.9645481020579845,,5,27,0.815,High
EQ_0062,2024-01-03 14:00:00,Transformer,20.974958637880185,83.44590072719568,24.698820145389185,41.539458475950475,5.65926244656934,0.40142395555452737,162.72770795411242,11.709096188906706,0,0.5248711606579762,2.077859186373261,88.97900044069422,3,372,0.423,Medium
EQ_0063,2024-01-03 15:00:00,Switch,25.21418115306741,87.6939672551902,46.56684954429353,59.87537591432458,1.3038043213113553,10.742130836370956,255.3943913073077,26.12686580297691,0,0.6759063420330351,2.148222725160074,,1,98,0.521,Medium
EQ_0064,2024-01-03 16:00:00,CircuitBreaker,16.22950126816301,78.52938659556042,40.836689653264045,65.66226437351295,5.341450888467694,19.730304975859593,262.02118677491046,12.40512337687185,1,0.19758458529958545,2.375732252658988,,1,216,0.622,Medium
EQ_0065,2024-01-03 17:00:00,CircuitBreaker,15.132774123150735,72.65975982452711,22.462680962052232,42.807613495507766,2.6006039294213226,17.935308492528502,78.08181098157478,20.161807518396877,1,0.6450753991350092,9.841407552177458,,3,127,0.472,Medium
EQ_0066,2024-01-03 18:00:00,Transformer,11.249128162873518,79.53781237232651,53.77881733101476,89.24057007151842,12.256081064239199,5.158056540898796,109.81065558652304,24.053366937959638,1,1.3975951842349994,6.010866037125368,71.43869792084449,4,50,0.839,High
EQ_0067,2024-01-03 19:00:00,Transformer,16.11939371614824,90.31529506256618,22.481749942300937,45.89433891233949,6.381546579246252,10.1522075736891,134.84340634527808,9.100594267958495,0,0.9353990615403672,3.597674979162302,71.96810217824367,0,474,0.375,Low
EQ_0068,2024-01-03 20:00:00,CircuitBreaker,12.476518742951868,81.95306295378971,36.30357730206343,24.145882945794153,5.049064172908809,2.688293538779485,72.18123966546871,32.72892627452852,0,0.5174130752133483,8.288870012691714,,3,248,0.361,Low
EQ_0069,2024-01-03 21:00:00,Cable,15.384578988149151,87.76357894449396,45.409114395587466,67.65109924862755,7.073642828252376,8.236818282945372,172.10389329004835,31.097286894691297,0,1.2543981412922072,9.685242195998613,,3,462,0.481,Medium
EQ_0070,2024-01-03 22:00:00,Transformer,11.604619481080796,89.19515678090568,52.533618272841515,34.498645293252814,0.9974440105016624,14.822412985801181,251.06558961296918,28.729376972473347,0,0.25266994610811977,8.15740580673901,51.08950260262595,3,1,0.417,Medium
EQ_0071,2024-01-03 23:00:00,Cable,12.74602234310543,72.7637081399988,47.58298880925528,73.215777655696,7.84598137153679,7.176609682470049,357.0201892845879,16.596017900411155,1,1.2340691872337868,4.952214177131966,,3,146,0.785,High
EQ_0072,2024-01-04 00:00:00,Cable,18.93138845332232,81.41771378441858,27.055114966565682,79.80875041410009,7.540805851387187,4.644253902936346,364.851100646099,16.365062977076708,1,0.8381516486152835,9.158248998680923,,1,97,0.496,Medium
EQ_0073,2024-01-04 01:00:00,Switch,26.102901881505773,71.39004318054256,52.59328494453901,70.21664424571343,5.023584219856292,2.785441453267745,327.9088162446036,22.741964410069865,0,0.8235185833656662,9.045033247458619,,0,296,0.416,Medium
EQ_0074,2024-01-04 02:00:00,Relay,30.869319125511392,72.39857151224979,27.46888271182193,39.87913118515726,11.159194388590155,0.6706486947155876,249.4613897049608,26.586384514998645,0,1.3213101733045367,4.078735738443167,,5,160,0.544,Medium
EQ_0075,2024-01-04 03:00:00,Transformer,31.816461835488372,71.208320371701,48.85809166938073,30.199092986558593,5.959309358405509,15.945907315591072,102.47109957207081,12.18978767128132,0,1.0972662241699462,7.480328828914669,75.26311980869136,4,244,0.543,Medium
EQ_0076,2024-01-04 04:00:00,Relay,28.1245048895459,83.7390088570803,25.07196235627811,47.65567948031355,2.723965752021385,18.169011226672566,254.18712816814215,16.822988252618277,0,0.7199084152839924,9.525550056506338,,0,491,0.242,Low
EQ_0077,2024-01-04 05:00:00,Relay,12.447190690366327,85.00066512848713,35.23554715537864,68.91633883477184,0.27165275731260763,17.44247817888303,376.24139886926434,21.258595956908643,0,1.0601436946214937,9.302494430595662,,1,35,0.367,Low
EQ_0078,2024-01-04 06:00:00,Relay,28.50992039508856,72.42363224451358,38.05153440667253,68.53720371062848,6.36196006953579,14.728884712494457,377.0284551691552,30.99034984848296,0,0.7037170885359916,2.019142412566797,,5,441,0.561,Medium
EQ_0079,2024-01-04 07:00:00,CircuitBreaker,36.5603947699077,92.32804450693209,19.986507248130675,93.66735060938979,13.048445430931924,10.376761142521442,256.94640251072525,16.77307300449352,1,0.12940437629194543,4.016775174813109,,0,482,0.446,Medium
EQ_0080,2024-01-04 08:00:00,Relay,31.282750009342333,68.13432866713349,28.339966867645767,51.85349548727547,8.060934044068842,18.39711232825521,171.22109802808643,15.367736451198148,0,1.1193768097591352,5.069961468008264,,4,304,0.482,Medium
EQ_0081,2024-01-04 09:00:00,Transformer,14.513539865259478,81.12074596784811,20.634280815191993,34.110958920497865,7.475516591092196,8.378508990090959,370.19606537383504,15.784635276149094,0,0.8918531079031631,6.690378591275773,40.72019511235835,3,336,0.358,Low
EQ_0082,2024-01-04 10:00:00,Relay,27.24258378848461,73.16304303922279,53.442812698778205,31.893018220249036,6.219361855905356,1.7069933615728772,398.9059881460816,19.55926527894355,1,0.9133082751140635,1.6036882964958474,,2,104,0.821,High
EQ_0083,2024-01-04 11:00:00,Switch,29.748853641576154,74.08726219977198,50.922171577628546,36.41117123856057,2.8603158099549986,0.7309933569618976,215.22343078849974,21.25071059809064,0,0.14527752717111092,7.9797485502550956,,2,202,0.378,Low
EQ_0084,2024-01-04 12:00:00,CircuitBreaker,21.1453762076928,83.20731781049982,32.63050987752912,52.06104487002608,8.394604969623268,3.10480491861425,113.67484567334489,29.268211767364967,1,1.4218674200937675,4.359783846517777,,3,161,0.74,High
EQ_0085,2024-01-04 13:00:00,Transformer,15.851595521163059,86.67598675393145,31.349366843923857,22.03090845282759,2.3422889604928554,14.319444576947951,280.62337966855296,6.731591797594055,0,0.3718596348027767,3.0796731692926427,76.95410089793006,3,318,0.419,Medium
EQ_0086,2024-01-04 14:00:00,Relay,8.57160559487656,71.01914887755264,46.996643414927576,34.28357296434669,9.79119161777812,4.76365562093453,84.8044874657708,12.565649156985259,0,1.0972870511907058,8.701268212956572,,0,275,0.429,Medium
EQ_0087,2024-01-04 15:00:00,CircuitBreaker,32.076376072442756,79.5183223589352,41.723405462825845,36.39874363326568,4.3972159539151985,17.926716370422394,54.55067322875761,8.308730333070638,1,0.3514350699617396,1.2387898348643773,,1,477,0.67,Medium
EQ_0088,2024-01-04 16:00:00,Switch,13.261627617604123,84.90820526812107,31.856982023699917,91.41373688615799,12.261653426076613,6.836347033957519,140.79820170095238,16.25169502051621,0,0.9059276666464713,3.4125727674058863,,1,189,0.446,Medium
EQ_0089,2024-01-04 17:00:00,Switch,26.100318327624887,79.87293791354597,37.08188723407921,54.890122330825335,4.416986393128765,18.969066139243132,317.26202795591627,9.783055745694218,0,1.3092785650519736,5.386880784245623,,3,426,0.529,Medium
EQ_0090,2024-01-04 18:00:00,Relay,33.94201457992865,91.19580242247214,32.00854017876934,21.797544665609394,4.030160390774191,10.832684293217339,271.71737693915156,12.962967506696462,1,0.252066307405595,8.514372131193692,,4,413,0.518,Medium
EQ_0091,2024-01-04 19:00:00,Relay,36.54766324040301,83.24501528677789,21.86717143393214,41.784586121549516,0.275860148212001,18.28597613120998,91.2128790115494,21.565944838884846,0,0.4473800699964487,5.9876020226421405,,5,418,0.359,Low
EQ_0092,2024-01-04 20:00:00,Relay,26.891191262204064,92.06251230750885,23.256850870424127,20.879666292678436,2.053284451032109,18.0003728369621,355.86152714688035,22.130153758598325,1,0.9207494476287974,6.9853300709163,,5,53,0.61,Medium
EQ_0093,2024-01-04 21:00:00,CircuitBreaker,13.08576708008004,94.51794643182383,31.750820995682925,50.65108225995979,7.783765579242563,0.9393193355011009,108.1991790646278,25.926907643512003,1,0.17005806849143337,6.428368985197494,,0,455,0.467,Medium
EQ_0094,2024-01-04 22:00:00,Transformer,15.115124180758308,79.28957280721733,26.547749470827995,48.45381731719593,10.785688577763683,5.942434312463501,248.241624103914,18.85336085937569,0,1.0123231897758398,9.431467653922821,80.29146534656377,2,144,0.331,Low
EQ_0095,2024-01-04 23:00:00,Relay,14.233270979131946,68.90431091677725,25.490561771993004,67.60623445602039,0.7713872022637552,9.927324944024727,258.8949971209112,15.024585052057942,0,1.167822695431442,1.9593842782039461,,5,175,0.556,Medium
EQ_0096,2024-01-05 00:00:00,CircuitBreaker,10.178995670338454,89.11747392990449,34.81965264824794,75.07219171421889,6.522410079056193,4.928040664782136,336.6858111859699,27.58422873216244,1,1.057309882738919,3.449306235069664,,4,250,0.742,High
EQ_0097,2024-01-05 01:00:00,Switch,25.116689339203525,78.46824301126078,18.663282933065368,93.38508603697943,2.052279463784421,19.00474707641605,206.1020205352845,10.99858907864273,0,0.8357563736986193,8.856512522887675,,0,324,0.236,Low
EQ_0098,2024-01-05 02:00:00,Cable,29.234521705877274,91.39027328798204,41.35133466842869,75.3821251614282,12.73793477347979,4.993360177183719,221.29873727509917,11.97265492912926,1,1.4821186115951381,9.49653405717952,,0,1,0.633,Medium
EQ_0099,2024-01-05 03:00:00,Switch,9.14337752968667,88.46168000295496,52.009932696626635,34.44602761018668,8.519178458289442,18.309765951760838,61.88109250502959,24.830347215664677,0,0.48115606069019856,9.319565758388773,,5,134,0.461,Medium
EQ_0100,2024-01-05 04:00:00,CircuitBreaker,36.16068910979567,95.38372818428958,33.96856866629855,88.96341207914507,12.668240978026056,6.382009464865113,340.12041595273706,6.999206137318301,1,0.9145913237989769,3.0700795355893273,,4,361,0.726,High
EQ_0101,2024-01-05 05:00:00,Cable,11.496439687541086,70.23164284724706,42.85155103512559,47.18999710144529,10.871501572931422,1.3071268159788474,160.3516182407136,20.566264894134104,0,1.196548589016497,3.8687725263886295,,0,38,0.516,Medium
EQ_0102,2024-01-05 06:00:00,CircuitBreaker,26.150849916673263,93.69335469884942,39.63452752729218,38.6367579802907,0.3660117233480703,17.401977478018598,57.444293797635495,29.616945162473385,0,0.8169588443394574,9.451609286616065,,2,298,0.376,Low
EQ_0103,2024-01-05 07:00:00,Relay,31.164713837436295,96.94008920546679,29.028472618068406,81.37506311449016,6.028963704138633,9.597512406078177,269.6269121264295,29.589282083031147,0,1.476921030338978,7.914460724780664,,3,65,0.457,Medium
EQ_0104,2024-01-05 08:00:00,Transformer,20.11523668285268,80.21935306603504,44.50329206355566,39.10217166146418,1.6571116969709199,7.09244315281553,150.5336470789286,14.000319252311732,1,0.3887312390223694,1.378838706727257,40.98306641033776,2,460,0.707,High
EQ_0105,2024-01-05 09:00:00,Transformer,36.643949302344915,80.40542087834001,30.373065886387266,74.3717826154456,3.2738083179759627,18.99922367900451,325.22075504544324,8.414097062431008,1,0.6554921248881461,8.912064768059482,91.96026122602757,1,349,0.495,Medium
EQ_0106,2024-01-05 10:00:00,CircuitBreaker,21.55464382624622,85.78893028711053,21.68135784368301,99.29349009095813,3.475075520751651,18.854635482702513,277.376327147329,22.408893461729196,0,0.7933983409739375,3.076028305459828,,2,399,0.403,Medium
EQ_0107,2024-01-05 11:00:00,Relay,13.11931292815974,74.39410006303508,22.45753048577018,82.36675788534026,5.251878887500951,1.1568535312679273,389.185920549284,29.862218894012493,1,1.3952408106330587,9.954170403817917,,4,383,0.589,Medium
EQ_0108,2024-01-05 12:00:00,CircuitBreaker,13.04296222736513,79.49101854817711,45.32953902816365,75.68164944430337,2.308438595097826,16.316662499812356,128.55420014283123,12.043075600210823,0,0.8286129131954497,6.336459413575328,,1,499,0.451,Medium
EQ_0109,2024-01-05 13:00:00,CircuitBreaker,24.822500027296524,70.6531182845349,50.09843450521522,41.24800340709648,1.9427238192420626,17.774961597379544,384.4780243804137,29.277445666167168,1,1.2237983083510733,6.8971778257511955,,0,91,0.698,Medium
EQ_0110,2024-01-05 14:00:00,Switch,23.97486374766504,70.5226160374309,31.338128522827947,49.81508136098512,3.896306756404893,14.468402273771698,223.55650727756978,8.188247829506494,1,0.3692656428272264,7.149328872936364,,5,442,0.577,Medium
EQ_0111,2024-01-05 15:00:00,CircuitBreaker,10.207794925218705,92.68500050741429,34.80586108055897,58.44692618613184,8.886116769892764,16.493619318502983,171.73322276576755,24.306436119094716,1,0.8703113477938971,3.403254431524792,,1,403,0.658,Medium
EQ_0112,2024-01-05 16:00:00,Transformer,33.48026960429958,91.12535462660091,41.338073386337015,88.04653832753935,13.009413014397035,14.167259534300696,342.9546649272852,24.83172946507066,1,1.0362041190524356,6.5675024039366585,81.39941517567027,0,439,0.632,Medium
EQ_0113,2024-01-05 17:00:00,Cable,12.599548053499138,93.54525201676893,49.87374110980928,22.33978264276473,12.38725125847144,2.577397349468904,167.29159899069967,26.07472291987341,0,0.2831018492700469,8.36170321707156,,1,418,0.363,Low
EQ_0114,2024-01-05 18:00:00,Cable,32.131891160774515,82.71656427906424,15.255434868673344,42.96305065399302,9.253903775636132,19.62372356054847,271.13473445583395,13.014696688732315,1,0.9693082694944365,5.8598684174427,,2,420,0.535,Medium
EQ_0115,2024-01-05 19:00:00,CircuitBreaker,30.615516459383166,71.1024385259818,45.44111610008112,63.301326294088824,14.44488005788492,6.837443320773722,271.4176625968819,31.16475884877047,0,0.1986391055864849,9.43505638512806,,0,337,0.286,Low
EQ_0116,2024-01-05 20:00:00,CircuitBreaker,27.948685946723586,69.96727471404998,27.03854267787265,76.65376709162253,1.0102590220315755,11.643409203525465,171.05906993353486,22.76471897972188,1,0.11632594902814364,8.843831255371386,,2,142,0.426,Medium
EQ_0117,2024-01-05 21:00:00,Transformer,36.23118010614451,96.09745780328505,44.98607326971699,30.406899210450558,11.37394793893534,0.4917383291760302,57.743243035149035,14.737475917037614,1,0.7585326260867654,7.933666760270139,77.58124571335779,2,328,0.628,Medium
EQ_0118,2024-01-05 22:00:00,Relay,20.931178484925702,75.93517332216831,54.884980006308446,54.094504178877834,6.770805364945132,3.2724764238333837,328.1833420624753,24.729420096100192,1,0.37011593854370256,1.7414294105425843,,5,431,0.814,High
EQ_0119,2024-01-05 23:00:00,Relay,27.73447976016668,86.98082521415293,25.930381079928374,96.06908498003283,2.2658683767135033,8.646696020852039,380.2655720586596,17.332637557005302,1,0.975862624112924,4.578349581665148,,0,59,0.58,Medium
EQ_0120,2024-01-06 00:00:00,Switch,15.952240868111431,96.53535179083502,31.37336025260172,91.52793629433076,3.449319088366293,4.262094080501666,60.896929009578976,23.595004285148896,0,0.5843631983994537,8.779224248556734,,4,492,0.353,Low
EQ_0121,2024-01-06 01:00:00,Switch,21.72308729405516,96.07760940952693,22.421020628124847,89.48985343644887,11.648952791876127,15.41843689288104,345.67412984091067,26.54764775546097,0,0.9580194663655524,2.1812038991414884,,0,305,0.406,Medium
EQ_0122,2024-01-06 02:00:00,Cable,8.943259205246306,94.70458758665492,39.66601258082952,83.7229832780941,7.222835272688251,2.3461637792478895,93.81502727089266,24.510262755182225,1,0.6739435476042209,2.8047225403030307,,5,402,0.75,High
EQ_0123,2024-01-06 03:00:00,Switch,22.25624185550167,69.86205917517889,38.27885607657595,41.51947235480782,11.963386509557822,6.207239178471475,209.32705217863042,6.313754577518717,1,0.1550479873021104,4.532442007660164,,4,261,0.619,Medium
EQ_0124,2024-01-06 04:00:00,Transformer,21.918226206796582,85.40059589545982,26.66650314837213,75.5985508901234,12.901835957838069,15.597019777866997,63.866588871925,18.97368757596138,1,0.20214875870635357,3.178405142762747,94.26644262969305,4,97,0.589,Medium
EQ_0125,2024-01-06 05:00:00,Switch,12.132370744143884,82.46775645008933,39.72622937272476,76.19719764352831,8.394730252303711,0.19541694838367318,164.26145788539716,19.97821437138721,0,0.17740642376000837,4.155642380882627,,5,223,0.457,Medium
EQ_0126,2024-01-06 06:00:00,Transformer,8.96289015494963,70.2787764174956,30.87693104806384,30.617260323444828,8.513112723923372,13.789299382745314,330.205344688179,11.404056594609873,0,0.29284974427565114,1.9411105630096022,75.00366372490001,2,220,0.409,Medium
EQ_0127,2024-01-06 07:00:00,Transformer,28.487796068120133,68.91599819994362,52.448489849747595,24.157702692117795,8.119445029516058,14.181210389018329,354.83919331113,25.28034716757555,1,1.2125057204511982,4.0550517328852544,84.81538125605817,4,160,0.847,High
EQ_0128,2024-01-06 08:00:00,Transformer,10.32333054515558,93.9496830257553,36.90369504614945,85.3838215969995,6.784774267774502,12.871553903930499,234.24093132763963,25.75291708739396,1,0.16836347394435489,1.5431687559150742,53.59067787055805,4,158,0.673,Medium
EQ_0129,2024-01-06 09:00:00,Cable,12.626795723282463,93.28172343117384,23.76855949432177,98.0692204655305,5.053436876566603,3.6423583137739857,326.3944774998677,23.785109938523654,1,0.7723837888570515,5.998271958438681,,3,356,0.573,Medium
EQ_0130,2024-01-06 10:00:00,Switch,28.85685156989565,74.62518749860766,54.853356642269674,97.98345297174265,9.754885295204053,3.9908490185829026,288.079884850952,7.9493570424377475,0,0.0944461281984188,3.3191459966009234,,1,215,0.465,Medium
EQ_0131,2024-01-06 11:00:00,Cable,21.41606574544017,93.17990265684304,44.08676279065232,79.41652169599848,6.38240001672113,6.918699850939259,179.86356704461093,32.66653822087356,0,0.10815832754809959,8.803283465102037,,4,291,0.359,Low
EQ_0132,2024-01-06 12:00:00,Switch,24.78158684859941,80.71984715649812,44.01030641660546,58.93351531397623,13.101348571224909,18.01403728022517,197.6023244057094,13.474350525346392,1,0.9089079764603752,9.211270110550219,,4,426,0.657,Medium
EQ_0133,2024-01-06 13:00:00,Transformer,14.10920348116433,86.066030923341,40.26240880370082,78.64904179322248,1.973515276908897,14.31649929364177,368.16138223297435,10.851443939496534,1,0.39443782113962256,9.742555846374756,49.95373239902194,2,107,0.517,Medium
EQ_0134,2024-01-06 14:00:00,Cable,32.777167707717794,82.276057836993,24.889242976127083,89.65999210180091,6.679578825039982,10.296347078593804,175.731679289918,22.00967298874304,1,0.287109615248283,4.519733829865846,,3,226,0.544,Medium
EQ_0135,2024-01-06 15:00:00,Cable,36.11295734772334,75.4858695483327,41.269466581651685,46.01520513797559,11.60209688529901,2.6174732143669965,389.43736577749064,18.25231761735826,0,0.3922731718523727,1.6614707259701138,,4,242,0.524,Medium
EQ_0136,2024-01-06 16:00:00,CircuitBreaker,12.92297924753868,83.07344450812451,28.48012705725145,86.31066927060876,6.463312854927089,4.974285451752598,266.0007453114105,25.082984855907036,0,0.2922107664563773,2.508572946594859,,2,263,0.384,Low
EQ_0137,2024-01-06 17:00:00,Relay,9.063471381072747,89.35565843690358,41.552181104872204,57.97047005998511,12.662556734537956,16.113403059001065,254.87402753886326,29.443324573857982,1,0.34846975455331397,2.007276574579551,,0,419,0.633,Medium
EQ_0138,2024-01-06 18:00:00,CircuitBreaker,15.822738733992699,69.65551882659013,36.24678112004128,94.92845538359691,0.5901531100276447,2.442198280200536,208.26965989920234,31.214625473253435,1,0.5084263522162883,5.565113278195532,,1,412,0.574,Medium
EQ_0139,2024-01-06 19:00:00,CircuitBreaker,9.20561291246137,72.30195282790058,54.46520491835388,97.20949571488364,0.07409971401614424,19.03623570846478,273.69197823542515,29.433793952040595,0,0.7093727906690958,5.640364257213252,,0,23,0.479,Medium
EQ_0140,2024-01-06 20:00:00,CircuitBreaker,22.176550827450683,87.33906346883703,20.586050190252514,22.397887189814234,4.618949123867864,14.093615254732935,120.64870824303193,24.182675699772766,1,1.4563724668555422,1.8451064421047656,,4,435,0.75,High
EQ_0141,2024-01-06 21:00:00,Transformer,27.505461428528662,80.86875635983256,49.72569017510021,34.17198315579087,10.389389283392468,16.762305792962206,380.6149768159081,24.44769676382044,1,0.7709034078122197,6.560625161810925,87.7897741463295,3,453,0.703,High
EQ_0142,2024-01-06 22:00:00,Relay,24.54768265252606,68.88122473120826,52.23794782027911,75.1621400825249,10.147700786658698,4.3135030479543435,280.60991458143,16.63433895266228,0,0.9942878167101635,1.9593372727719165,,5,356,0.678,Medium
EQ_0143,2024-01-06 23:00:00,Cable,27.077513833488045,96.98299804734933,16.92848155442224,98.17393473770538,6.103619410843059,17.415069006745185,323.8349194203957,21.30943904664003,1,1.1207513534144236,8.906640051712131,,3,124,0.524,Medium
EQ_0144,2024-01-07 00:00:00,CircuitBreaker,19.720069327879955,77.48396168533392,41.70373542254339,84.62767535530068,11.434277021649237,15.95627297717269,202.45416018452656,28.081523836725584,0,0.22430313028738225,5.900401881647646,,0,398,0.339,Low
EQ_0145,2024-01-07 01:00:00,Cable,8.167001154445526,77.41298906710784,29.658461394855916,51.69381532874043,10.432008100347932,7.771162025406914,207.04276791788573,12.41369153360684,0,0.5912150978625431,3.045426645368363,,1,411,0.4,Low
EQ_0146,2024-01-07 02:00:00,Relay,10.122681789284865,85.50000920805996,41.728511942200655,69.55922768076917,6.952410657008585,7.595715603584596,352.16677735013883,20.01520819867789,1,0.74481372256311,1.2307785922579213,,0,285,0.702,High
EQ_0147,2024-01-07 03:00:00,CircuitBreaker,17.896187001158534,79.02567294478986,30.95291123587602,66.41378953818659,8.004038200903176,12.158101855868892,317.7091415397449,27.950614945334525,0,1.091278460528417,9.599713263594412,,3,68,0.382,Low
EQ_0148,2024-01-07 04:00:00,Cable,8.528744897614487,73.67756158482284,15.302514999125684,71.79797713236823,13.470458234249804,4.8696459315259855,374.46209067870734,7.627219537818143,1,1.4049322388679957,4.16460418515671,,3,313,0.648,Medium
EQ_0149,2024-01-07 05:00:00,Relay,10.941204025027279,82.09028101640344,25.271062708820317,42.78983215695383,4.609349473894299,16.060517956653268,238.70644683633907,14.405307877212099,1,0.9349839858008316,7.445356068008742,,4,228,0.594,Medium
EQ_0150,2024-01-07 06:00:00,CircuitBreaker,15.906096021272479,79.9929239442352,19.8754437334779,34.491947962774425,10.216767809474742,3.628766953912539,233.80718428347106,25.144249066505683,1,0.20497153848737854,6.105809976660132,,3,132,0.474,Medium
EQ_0151,2024-01-07 07:00:00,CircuitBreaker,15.44032072733955,95.92487938188981,34.34182586879699,84.47940398201266,8.253398132343927,0.8682506570963833,271.60298145790784,31.68789023957974,1,0.9223371392121802,8.372699734841111,,4,248,0.623,Medium
EQ_0152,2024-01-07 08:00:00,CircuitBreaker,33.64198743710382,74.61431338651904,23.481793596329066,68.87847910807935,6.165427047100571,16.797226057334406,365.0080931893039,15.542377241173389,1,0.39346231051299896,8.024729637194756,,3,39,0.48,Medium
EQ_0153,2024-01-07 09:00:00,Switch,15.969375030895947,91.85581523689667,31.94953014595051,73.40399194331764,1.4330297075200227,12.47718649353146,208.1186875580302,21.838428505737802,0,0.29362060123005196,7.631863704497639,,2,171,0.301,Low
EQ_0154,2024-01-07 10:00:00,Switch,33.02111524875363,74.2854542026325,18.828582220806467,21.89108688370691,9.62957250664899,12.141880721775616,241.3440944499245,12.262571595131337,0,0.6168136940629962,6.350287016675558,,1,77,0.278,Low
EQ_0155,2024-01-07 11:00:00,CircuitBreaker,22.40623890691591,96.64578008623172,20.457590102269325,75.6115643238075,6.064781521564382,8.563992298512295,301.1592179803617,24.69577608575798,1,1.4873211908681732,2.155548605087127,,5,78,0.767,High
EQ_0156,2024-01-07 12:00:00,CircuitBreaker,11.019179832140823,89.0058256967335,38.13547668025636,41.93285332478447,1.191290534834799,1.7131649919286107,362.9668061324414,11.180417767406059,0,0.5188887650675051,3.039907620042892,,3,208,0.476,Medium
EQ_0157,2024-01-07 13:00:00,Switch,18.29489286912618,70.0132914396367,35.76239163633082,25.409005087377192,12.005347617335424,4.6742416382086605,239.0041701115787,29.762135364159374,1,0.9937721851184316,5.796620078962018,,3,31,0.672,Medium
EQ_0158,2024-01-07 14:00:00,CircuitBreaker,17.405678840345892,77.65705547868774,41.7794782079276,99.5311488976934,9.927587847740678,11.155668347400498,305.7276785837361,18.56055153166039,1,0.13720639677113855,6.0606713429011885,,3,463,0.585,Medium
EQ_0159,2024-01-07 15:00:00,Relay,35.77113325065602,73.08378532837213,42.600195632826626,36.07469509272452,8.037415267096218,1.9335289929343924,207.6298276903648,26.416409880171642,0,0.553978710146524,6.984205520384962,,4,194,0.447,Medium
EQ_0160,2024-01-07 16:00:00,Cable,31.068048862902145,94.88815676490412,24.38568327421814,51.94527326474465,2.2862401999562616,19.849670043167503,374.45033877350335,20.578842517575108,0,1.270948276845811,5.6886217954483795,,2,152,0.429,Medium
EQ_0161,2024-01-07 17:00:00,Cable,26.08398495208003,70.58460853136448,45.21081681987232,30.217078690818788,12.391014453787927,15.640561753407718,298.06064421004174,6.976330274168577,1,0.48953611612072645,3.368013129197586,,4,382,0.725,High
EQ_0162,2024-01-07 18:00:00,Relay,18.443955816674055,70.54163965615132,52.47831292124251,64.3041792569901,4.582864659870353,7.939630341485668,206.5208891766925,22.216047000736665,0,0.7977351701599218,9.274527758929755,,3,112,0.467,Medium
EQ_0163,2024-01-07 19:00:00,Switch,22.411941004269078,96.77258242987607,49.05699830980383,36.680841148586865,13.958928219658745,2.327327957709522,336.10739797191707,16.27682892386766,1,1.3230627646453508,8.812510210967053,,3,14,0.728,High
EQ_0164,2024-01-07 20:00:00,Cable,31.371836603411012,90.91088265290477,27.18716556392163,26.473542644100174,6.044702681477422,3.4704902997301734,293.2328811158616,15.34469261652021,1,1.4646347912468767,6.768748696107988,,5,347,0.708,High
EQ_0165,2024-01-07 21:00:00,Cable,31.851936345396467,71.8432155095136,49.4805792909049,93.82057524107155,7.305928782284038,12.125058755019548,317.68343031604843,10.720642936031139,0,0.7787208108719915,4.587967249950818,,3,470,0.542,Medium
EQ_0166,2024-01-07 22:00:00,CircuitBreaker,12.244845772705224,78.65849824645441,17.726892375419744,22.06495255595896,2.0274943373223415,19.262302231783476,242.33533756325593,32.07719835113694,0,0.6771219235786914,3.806345197767336,,3,303,0.371,Low
EQ_0167,2024-01-07 23:00:00,Relay,22.67811402236708,80.7458389703544,19.22658737046976,71.2661051752165,3.240572737643994,12.39175909795659,277.57038233935367,10.1046710344735,0,0.13895695931046884,8.026854274615959,,0,329,0.163,Low
EQ_0168,2024-01-08 00:00:00,Cable,21.334212289310287,69.6867500696588,54.794652686790684,24.62244487970933,10.425528432878298,19.67357850526827,133.71303647557397,9.840732954554298,0,0.2260081621625219,3.72947632810836,,3,93,0.514,Medium
EQ_0169,2024-01-08 01:00:00,Transformer,10.930328519308754,88.07267890912982,17.491671925202507,60.75377025198318,14.950452807794651,16.279405390120377,265.3268033808538,14.268847761238515,1,0.9546489626228758,5.743373175204865,63.43458611397043,3,167,0.568,Medium
EQ_0170,2024-01-08 02:00:00,CircuitBreaker,11.790600925465785,93.71152224197354,32.9913859528529,35.56980094566121,5.516390263159344,8.282595050578541,339.638263448406,25.807588275157855,1,1.1654920957799426,1.099281379857825,,2,172,0.753,High
EQ_0171,2024-01-08 03:00:00,Cable,20.068465947213085,81.95898039742438,15.767691072922268,40.785056699602734,11.404347346832026,2.742194114579981,237.35854600840707,11.810450544465413,1,0.06757512323364524,3.1708131183958734,,3,129,0.492,Medium
EQ_0172,2024-01-08 04:00:00,Transformer,36.300338892391565,91.24457624460669,53.383065772841334,59.028323514109,1.6460429801625525,10.95918977947386,209.03206709598632,28.79764123396963,1,0.19221974213715465,5.394170233196004,48.252676558169135,0,383,0.609,Medium
EQ_0173,2024-01-08 05:00:00,Relay,17.41560187981174,89.38335524424619,34.04072517475066,50.07106281166155,5.917144178550529,9.188935368119733,324.75579034296993,30.08628660138633,0,1.435235295430696,8.082130476297657,,2,114,0.455,Medium
EQ_0174,2024-01-08 06:00:00,Transformer,17.14679997669237,87.95590647650972,32.50412496221568,40.37364976368409,12.61307369138884,0.7685269792464999,365.61669724739824,18.459891544867823,0,0.9739421413720066,6.934185299852045,89.2314757388595,0,486,0.368,Low
EQ_0175,2024-01-08 07:00:00,CircuitBreaker,26.463420782849013,85.80407395804178,17.666081622427598,61.47264175561632,2.252535012255625,14.748675374429713,229.27767228443608,24.36615003862554,0,0.11042570587345718,1.7631281444122289,,0,318,0.276,Low
EQ_0176,2024-01-08 08:00:00,CircuitBreaker,28.773378253817786,70.09044574396152,17.850269110610345,20.968678018790996,14.347520974492202,14.75016718918014,173.63799297572245,14.006460694766691,0,0.5570696831314819,7.971881780630636,,1,242,0.232,Low
EQ_0177,2024-01-08 09:00:00,Transformer,27.179747721042016,73.37067146815657,21.964373413363376,27.871651977071785,9.904540795520072,15.287453244434719,142.7662499137514,6.565513947834646,0,0.16914891784081965,9.710740313605275,56.249462761258116,3,358,0.208,Low
EQ_0178,2024-01-08 10:00:00,Switch,30.307471287305876,86.11524349677364,30.277585586115837,36.45498097564441,1.8207962723910964,12.300259360777332,321.1218232232258,23.38541484561053,1,0.8189380932112795,1.3775610108847265,,1,310,0.667,Medium
EQ_0179,2024-01-08 11:00:00,Relay,36.08617455023713,91.16271155798266,26.71288146803859,98.39762634870806,9.028223844544831,11.648453164144929,311.8256128003362,27.917784278433714,0,1.0018939806306788,2.1528617172958002,,1,493,0.456,Medium
EQ_0180,2024-01-08 12:00:00,Switch,17.80975767384045,94.91442556945545,23.984624473754078,49.77336190700107,6.48115324416294,8.788099793889044,264.5288538730839,31.463047619107105,0,0.39900443215713216,2.0935123867082623,,4,13,0.422,Medium
EQ_0181,2024-01-08 13:00:00,Switch,13.726644205938182,93.72082210606882,40.83243250620824,42.87254313913281,12.23920408452926,17.22739992726872,346.2800185415973,30.81101640826797,1,0.4157494792513743,7.795377358716505,,3,482,0.582,Medium
EQ_0182,2024-01-08 14:00:00,CircuitBreaker,21.35564542095006,92.41795803381179,44.13962708646453,82.11579571997797,9.842427565216072,3.5485753893941374,240.75942161392842,32.58608296716172,0,1.4092126964208225,1.388563622173105,,4,353,0.681,Medium
EQ_0183,2024-01-08 15:00:00,CircuitBreaker,12.779629656153677,71.82013443018229,44.03919639941182,85.4228263885556,3.2026704946600786,10.11705385903658,344.24605980392,25.785641708688765,0,0.83624394796318,6.313129214128956,,5,395,0.525,Medium
EQ_0184,2024-01-08 16:00:00,Switch,22.742455860572118,76.6289050882458,37.600879714360644,75.11082416400725,13.099843737912115,12.725827079584962,316.3925379651053,10.321934143773472,0,0.7192583379086954,1.0839845784438396,,4,400,0.559,Medium
EQ_0185,2024-01-08 17:00:00,Transformer,15.153687071127067,89.06738973827714,54.67239805397454,27.934247966977274,6.022414737919323,16.00141937398319,121.4124721201146,20.987293631161727,1,1.1129533792430284,6.543869052341611,50.34136040384789,4,219,0.796,High
EQ_0186,2024-01-08 18:00:00,Switch,18.306152491886444,90.72996175007651,37.16906056528067,20.41836908343302,11.414861400421408,0.7062270988047814,311.0068239559312,11.46697512446141,0,1.4392065461731014,4.31146676171876,,4,331,0.588,Medium
EQ_0187,2024-01-08 19:00:00,Switch,17.481016873804293,72.3177534596409,27.224168619608594,90.13206094625605,14.94501506440871,7.366190610136966,207.0137208340899,25.4959153314739,0,1.334983881674358,6.337399007681057,,3,421,0.46,Medium
EQ_0188,2024-01-08 20:00:00,Cable,19.354245247157053,79.96603338461009,42.824725859872274,20.257461088342296,9.29384006189761,7.109860208827148,327.96906594697947,8.510747275224569,0,0.9028932870751663,5.328756008975113,,3,491,0.507,Medium
EQ_0189,2024-01-08 21:00:00,Switch,26.627440251251596,69.88075424000608,38.19935149712525,64.91876703676189,8.409901416242564,12.069753331929096,286.7637780292268,27.734702991380782,1,0.4412400441859108,8.425444691620559,,5,78,0.599,Medium
EQ_0190,2024-01-08 22:00:00,Cable,22.449414785640155,70.2346900948956,17.342037169759166,46.73906549568486,11.773454656672014,14.153618694818315,326.01523763534226,19.966264523923453,0,0.6882885470354614,2.3270727403565554,,5,267,0.44,Medium
EQ_0191,2024-01-08 23:00:00,Switch,17.517589854670035,80.58656161904239,18.54401718718469,37.6489562168969,8.973379410956083,14.713262284783797,399.42162898753236,31.194059946276056,1,0.9817195393260277,4.791232479646649,,3,223,0.596,Medium
EQ_0192,2024-01-09 00:00:00,Relay,26.44914357653875,90.78389692432673,19.733447636935495,52.79239117570306,12.597034284534258,7.67665903866088,250.1552949295153,21.869772743279352,1,0.31749056704377704,4.260118974870595,,2,436,0.505,Medium
EQ_0193,2024-01-09 01:00:00,CircuitBreaker,17.700827373516034,68.75970454742988,15.967670555654209,86.53576349406188,4.0960621495921865,10.36157532477631,154.55395075607055,31.398339618114193,0,0.42598030035537193,4.866911314650416,,2,451,0.287,Low
EQ_0194,2024-01-09 02:00:00,Cable,33.30917726405345,92.41607343696245,22.444056713851094,84.21146478365684,6.87280330106839,9.659377441707104,96.71799034558032,8.176240871442365,0,1.1055119951119596,5.468150371197698,,3,291,0.42,Medium
EQ_0195,2024-01-09 03:00:00,Relay,20.668670375840207,89.1557386309195,45.62051595964439,32.71265341354828,9.15337724216462,2.7070816455537106,312.981280110166,23.737789219212768,1,1.4370912005710141,1.6206221472077906,,2,14,0.848,High
EQ_0196,2024-01-09 04:00:00,Cable,9.654586913386375,76.18342516610281,25.46822734943624,39.75830392575999,13.59381870781555,4.990923996990122,145.18240414502085,26.50375308528502,1,0.7021227715532831,7.990395012596631,,1,249,0.493,Medium
EQ_0197,2024-01-09 05:00:00,CircuitBreaker,9.895618569367173,82.13956461652815,16.344544007331304,25.01225627642836,13.596561800166164,2.7849074223519033,236.347238796326,17.099581270219076,1,0.5536478230753219,9.098500111185452,,2,174,0.421,Medium
EQ_0198,2024-01-09 06:00:00,Switch,8.632878506489195,87.24990089909208,53.535777368542014,64.81345467694736,14.052336930496377,1.0451575857204753,196.57766167595648,13.024260355975382,1,1.1096903992220581,9.83167381447522,,4,5,0.723,High
EQ_0199,2024-01-09 07:00:00,Relay,15.439371810883188,86.97106344274816,22.923905310389607,65.22642036572879,6.958987300325043,19.44010659263074,262.9845454437633,15.436672046344107,0,0.2154388880875034,2.361221458614411,,0,123,0.307,Low
EQ_0200,2024-01-09 08:00:00,Cable,14.534190968585818,75.27803317886864,49.024642313645515,64.89782306260199,7.850863670615497,2.2953774373843494,351.04889267230226,25.51598618662906,1,0.1481191247550023,7.370515875067918,,4,388,0.62,Medium
EQ_0201,2024-01-09 09:00:00,CircuitBreaker,23.762608302936734,70.37003502665657,33.33202566114626,58.775702970403756,2.4866181024491363,18.913962940005646,347.49138001823167,24.063603107885925,1,0.7203285634508805,4.705889874260577,,5,364,0.684,Medium
EQ_0202,2024-01-09 10:00:00,Cable,26.878230547377672,83.81752421280027,17.490924235275426,61.000211901626535,12.096054258492593,9.18479755193916,68.18480214399395,27.229511383368894,1,0.34197748409716283,3.327587513992349,,0,47,0.474,Medium
EQ_0203,2024-01-09 11:00:00,Switch,12.77648424953658,77.57623688127343,45.2700602275454,61.550868760314984,3.0732191122606882,17.556601563040818,357.85364923303524,29.505617476242186,0,0.39625450650323196,5.061154097628893,,3,354,0.459,Medium
EQ_0204,2024-01-09 12:00:00,CircuitBreaker,36.564700028085376,90.38836181298973,16.086696849022392,25.216367300839366,6.958970652184991,18.184404117231203,238.54562928344998,19.440937716925838,1,0.20293686493711433,6.911020942518647,,5,297,0.477,Medium
EQ_0205,2024-01-09 13:00:00,Switch,31.84099165740654,79.03218021771931,46.0244740370131,97.15813231206494,3.0564968869153364,10.466592623894826,150.49828532960146,27.407069313913663,1,0.8875103805276784,6.711241757952734,,4,271,0.715,High
EQ_0206,2024-01-09 14:00:00,Switch,31.13951062886093,79.48314370721118,51.60360273628173,62.6423093796912,2.36932234253022,13.91798236337605,327.64147265338903,14.55256528082322,1,1.2929099226481917,9.155289292891897,,5,281,0.771,High
EQ_0207,2024-01-09 15:00:00,Switch,16.030230133956458,96.52212270874143,20.628461121950338,36.1612534721992,2.763372588570392,17.87979420015741,279.00239331373666,10.106815647001367,1,0.688468956634106,6.5376822256282185,,5,232,0.574,Medium
EQ_0208,2024-01-09 16:00:00,Switch,10.420458464692116,93.59007468381282,47.14414141766141,60.41654188613106,14.506899228887557,8.355219585501994,394.43861166277424,24.03383996769793,1,0.9702733462182151,2.493594057662065,,2,118,0.777,High
EQ_0209,2024-01-09 17:00:00,Transformer,33.57590499083467,80.39720094969783,21.489336231299173,21.00860159806072,8.396335254575739,10.547992442453527,301.7737678292055,30.036967431480658,0,0.1651395477323928,7.583468413063261,50.30765692536702,2,61,0.228,Low
EQ_0210,2024-01-09 18:00:00,Relay,32.88713454155776,91.75284190198803,36.631750199421774,76.81942388986492,4.7152516977562255,9.423357978656293,337.5729141986651,18.400160323676776,0,0.5688074847218906,5.447912025252699,,1,110,0.387,Low
EQ_0211,2024-01-09 19:00:00,Cable,32.01922832067933,77.7210333737553,21.950463725429753,76.96112162646246,12.389673190621227,2.0127495704706666,133.95593946458064,9.833243723546836,1,0.5545150467941417,5.053158810148714,,5,301,0.593,Medium
EQ_0212,2024-01-09 20:00:00,Relay,29.715963771935886,86.88327996156855,39.837142699137246,48.18999572877235,12.621713296271398,9.42574334796329,392.6867283053041,23.121837733984894,1,0.23308387526852897,7.085598058678906,,0,426,0.507,Medium
EQ_0213,2024-01-09 21:00:00,CircuitBreaker,17.42801644751927,87.90348870389683,17.78564592649623,33.99051497407675,12.836058883586794,4.543591140470298,342.964393835029,13.540454388269081,1,0.9821787695851261,7.247355161588479,,1,184,0.503,Medium
EQ_0214,2024-01-09 22:00:00,CircuitBreaker,22.866987841206537,76.8540096242052,23.505775054843845,22.655148364994098,4.559196018610857,13.06325581062566,378.40668645696894,29.522521021102406,1,1.1607939259761888,8.096026089279688,,0,362,0.521,Medium
EQ_0215,2024-01-09 23:00:00,Relay,27.28456220080386,75.54831886941409,51.28780122823319,73.65858495246673,8.4066094647066,2.2197893842696215,206.4694403322489,18.42967332245201,0,1.3036172338078715,5.919833981690096,,2,23,0.575,Medium
EQ_0216,2024-01-10 00:00:00,Transformer,19.03161592014188,96.32720952680913,19.428823733052628,53.80387426495557,0.6303701275710794,14.798082415338607,371.3267932697027,13.561007897863215,1,1.2945954313587253,3.62996407415708,90.09235889041534,5,483,0.706,High
EQ_0217,2024-01-10 01:00:00,CircuitBreaker,29.864895204306734,91.34229652840172,15.72026222401818,97.02482856592208,10.900064881054849,6.095021907722666,340.2881327005964,13.601072357203108,1,1.3154930673708856,2.013223513707433,,0,446,0.621,Medium
EQ_0218,2024-01-10 02:00:00,Transformer,28.406893346363077,83.6802558227024,18.861378807817633,39.35150626070712,0.18606054415972184,9.375359309290117,155.44284126600013,22.155652076039487,1,0.48099482117749487,3.699272003562862,80.87562593023819,3,245,0.553,Medium
EQ_0219,2024-01-10 03:00:00,Cable,9.39614224337225,94.18395486056764,49.09055497564726,73.42437465811253,8.898323551610764,17.846049962793046,114.86556283505006,8.132167379152373,1,0.39728974636883024,8.151204508301714,,1,494,0.578,Medium
EQ_0220,2024-01-10 04:00:00,Transformer,9.005437735068016,84.9013982174212,54.817500647652395,88.45568750700315,7.821685335653842,1.2728181857328469,340.98073003499843,22.172419720784685,1,0.2166528457363719,1.844715563410206,90.02947506901259,3,58,0.751,High
EQ_0221,2024-01-10 05:00:00,Transformer,27.406807625204273,92.04931718018591,50.15915601129069,65.74178816386578,7.761695276325619,8.608548206419805,160.93130572689176,17.734090943185215,1,1.1721255008087268,6.417310879136184,89.08878094751654,3,37,0.762,High
EQ_0222,2024-01-10 06:00:00,Relay,20.858020416996446,85.60559778284386,40.25230212367955,67.33577298450604,10.539506596282745,4.748669367496126,229.32732214102674,8.814069675825387,0,0.6075414250849782,5.38900361759138,,1,76,0.413,Medium
EQ_0223,2024-01-10 07:00:00,Relay,26.914503526818702,95.5654005249999,39.026042661934234,79.48751329412478,7.5939908924280415,12.682080627526627,74.8262756468207,12.86857268272987,1,0.5746869851474511,5.252440195058622,,0,127,0.584,Medium
EQ_0224,2024-01-10 08:00:00,Transformer,9.323813619569128,72.06069882904622,26.07257231165223,97.72261527208406,4.9702051065457615,9.64082116224165,118.63419945843752,22.491061919045745,1,0.4569906624981627,2.8629332059458408,68.41149456452885,4,305,0.626,Medium
EQ_0225,2024-01-10 09:00:00,Relay,8.159668175652204,68.22225694682753,23.76275236407431,22.93770900006569,1.6203863119603708,6.777212986775032,330.9049878529345,21.44531337097112,0,0.7933682026368039,3.6413994088730948,,4,194,0.443,Medium
EQ_0226,2024-01-10 10:00:00,Cable,35.020857863551676,79.51343619587855,18.48371067183086,69.3653212894241,1.707575902149021,6.904462856033842,227.5941785512331,29.604008166499746,1,0.7656425414931721,7.3203288942849785,,2,440,0.496,Medium
EQ_0227,2024-01-10 11:00:00,Relay,36.791688330973045,71.81318447704146,25.98926102078078,51.56608604781171,6.3274226780824705,8.220421505310915,367.6638508947942,25.278881400605123,1,0.9314625604315204,3.784354460765039,,2,291,0.63,Medium
EQ_0228,2024-01-10 12:00:00,Relay,31.889921142417545,95.69675483306469,47.84793130200906,20.125208415317832,9.546020552751106,1.0227076288420145,140.16252711680266,7.607166909389836,0,0.9255034067766122,7.179309221433461,,4,491,0.521,Medium
EQ_0229,2024-01-10 13:00:00,Transformer,11.320141503911248,79.1313276083044,33.24946035822168,49.52424174087333,1.8153750072778956,8.378955803749509,312.91231673294635,7.917206942397898,0,0.16626102041876,4.192941626523858,91.79491413904088,5,108,0.42,Medium
EQ_0230,2024-01-10 14:00:00,Switch,27.388606754964506,87.68142874350438,29.4767996335146,67.49286329668308,0.15196776041615068,12.721920928190844,369.6504316516829,22.539483645310117,0,1.3168629605262003,7.515757499194844,,1,122,0.406,Medium
EQ_0231,2024-01-10 15:00:00,CircuitBreaker,11.496194075707017,94.17114591128941,17.657753774230997,62.7173978038211,2.132056856901865,0.2341322146180813,197.71199104467365,13.966099106662218,0,0.7547007160065244,6.194798980610957,,1,1,0.293,Low
EQ_0232,2024-01-10 16:00:00,Cable,9.268433096959473,71.56709555858862,37.34569585801701,47.45338825381266,10.93760231324172,13.045832971838793,345.9615270464674,24.69730632006908,1,0.6734000622157148,7.056699601549892,,5,304,0.652,Medium
EQ_0233,2024-01-10 17:00:00,Cable,15.986054053407138,76.88309146456817,46.55940639683173,55.71356131212657,11.975705107775287,16.44844747336557,350.1468181814493,30.7491513677126,1,0.6749285697442796,3.8698013648902494,,0,118,0.667,Medium
EQ_0234,2024-01-10 18:00:00,Switch,24.8837636512293,78.7640002796912,39.042966672009314,76.44686901150597,10.326075277382053,7.491057740402427,108.40107059456349,17.624292138479603,1,0.25676150891876764,9.010873316654274,,5,440,0.567,Medium
EQ_0235,2024-01-10 19:00:00,Cable,18.030446361397864,72.47933266947639,16.017910396230036,71.66579090291874,9.55353476182115,6.812083331625834,75.09916109667785,17.059980162171264,0,0.5012653678419207,7.094085757615084,,5,119,0.312,Low
EQ_0236,2024-01-10 20:00:00,Switch,25.56759823412802,78.57321811772866,23.715702170199606,99.04287729244734,6.810024317941723,13.76548471560474,99.19353865242627,19.11092189080374,0,0.08992824381072495,5.549096061194049,,3,58,0.29,Low
EQ_0237,2024-01-10 21:00:00,Relay,35.95650480641336,79.14199467658821,16.559840502996465,22.47646327354748,5.819801399203042,3.200498729263881,58.17323371486507,26.417767576654775,0,0.7148583628787415,3.603202947753891,,5,76,0.414,Medium
EQ_0238,2024-01-10 22:00:00,Switch,34.10241230747794,71.36802984581524,53.23675315821277,45.117337390188226,13.326055084630218,12.05885752958923,339.34757590952063,32.568355406682535,0,0.46818788483718127,9.650219368668337,,0,30,0.36,Low
EQ_0239,2024-01-10 23:00:00,CircuitBreaker,19.29497495217019,79.17984523737074,28.615484170180228,63.312608587806814,2.3121756476773063,11.074229707160224,239.5966843435014,26.57134894033149,1,1.2587924448094991,4.963972152811817,,4,383,0.705,High
EQ_0240,2024-01-11 00:00:00,Relay,16.76766423119332,75.52071202219574,22.784953468194878,24.61180657592199,5.1367196825207,5.404953842615665,388.24608505324255,21.058138308751186,1,0.553551706594236,6.224208408943264,,3,63,0.534,Medium
EQ_0241,2024-01-11 01:00:00,Cable,12.036704339025171,80.87726872686389,40.04937285684255,59.11182654339611,6.026682009814864,19.876967777993965,358.1101667521244,22.831960870304883,1,0.87559717371431,6.585944318421257,,5,206,0.703,High
EQ_0242,2024-01-11 02:00:00,Switch,13.838051126850564,79.45899455466524,16.578381315635973,58.04368299894613,8.145368759364947,4.554994722064192,387.4100965079298,30.555274495305532,1,1.0971076914110636,5.800479658888263,,3,41,0.581,Medium
EQ_0243,2024-01-11 03:00:00,Relay,33.229105629782865,71.78891797088042,46.6203917709954,29.985665117347864,11.913159938241082,5.515351365027139,356.98170335636615,31.48913653328574,0,0.26575415563741767,5.164080445588541,,3,376,0.446,Medium
EQ_0244,2024-01-11 04:00:00,Switch,36.448633966717864,82.01881564322125,49.54190090058181,67.09852177050558,5.629948618794028,5.715671110517404,121.12808188013055,26.568551167197825,1,0.6104837348933905,5.60147915980676,,0,46,0.64,Medium
EQ_0245,2024-01-11 05:00:00,CircuitBreaker,22.277438920034278,84.7410918477608,49.62308582498209,98.45914748667435,6.113763128607254,16.55037844212606,317.5847281291512,21.48528168930048,0,1.436268358237303,2.804270639755625,,5,420,0.706,High
EQ_0246,2024-01-11 06:00:00,Switch,11.16866209897902,92.76489704170724,32.56599266534993,87.75750833656484,13.396353077931224,1.2491518723814288,359.21266704512124,18.1046144949744,0,0.7901271090561367,6.639332599838892,,1,240,0.37,Low
EQ_0247,2024-01-11 07:00:00,Relay,34.86509559517252,68.55436673846316,34.073738732712684,75.01776339444486,10.840604365473427,13.85064863074216,97.05229529284264,14.083680886035394,1,0.5701375118546695,8.239934869115544,,2,92,0.537,Medium
EQ_0248,2024-01-11 08:00:00,Relay,16.08403630002204,74.1104439521489,53.29792076152385,20.709062809077512,14.967312835229674,13.536425977147912,339.96425480719097,13.954723701347216,1,0.07075715261723697,7.64082566705377,,5,416,0.647,Medium
EQ_0249,2024-01-11 09:00:00,Cable,32.1901933130196,89.47380782665206,20.714011492033542,80.27423378055752,11.533841731614615,13.170810313401098,318.14057647845516,28.83987887129877,0,0.9397259656443148,1.7974424257271115,,3,178,0.462,Medium
EQ_0250,2024-01-11 10:00:00,Cable,22.141206480349116,70.25183070547655,31.301721241297233,52.56851913005021,0.9901476621036237,6.976410679389586,88.84933457696019,27.822350670248998,1,1.4241476376484825,1.6508482773214475,,2,343,0.768,High
EQ_0251,2024-01-11 11:00:00,Transformer,35.69834101145934,83.15472138076561,26.982627118154955,26.14896602209308,7.5093640210562675,15.890310889814973,297.4802670433444,7.356102309527292,0,0.15570766128346009,4.625859543693734,56.24097717263688,2,210,0.315,Low
EQ_0252,2024-01-11 12:00:00,Cable,14.739145368625387,76.1491304683527,47.139309731875386,94.33824429054832,6.076540417913496,18.122220042649943,162.52349543675868,18.86379863128237,1,0.37774204683319956,6.7642843795825955,,5,483,0.672,Medium
EQ_0253,2024-01-11 13:00:00,Cable,36.39045234006946,85.50129978525798,29.312563364541955,71.82539567924226,1.8438101769808135,17.773181605307972,226.07938277294272,18.132443035070338,0,0.8995039432576029,6.623054765104622,,3,45,0.407,Medium
EQ_0254,2024-01-11 14:00:00,Switch,10.081498380568878,87.79589941547867,24.67726721262118,77.11621060052718,12.338021915762951,16.079170151050405,243.37533859276118,20.04458709239028,1,0.257170143942147,7.978115353628221,,2,59,0.449,Medium
EQ_0255,2024-01-11 15:00:00,Cable,15.870872032954717,82.40416726172045,26.37096371710067,30.706269039975453,9.443365453376048,1.0866406964580766,312.02583194417,14.57484347205015,0,0.05019530485650372,5.6001622531350685,,5,445,0.339,Low
EQ_0256,2024-01-11 16:00:00,Relay,9.358705347300491,76.00891717680608,43.27905949822865,25.015169729749267,12.590077385340035,0.07639845317166216,136.3883542206658,26.00440951610593,1,0.5085917171074948,1.9170314925941216,,3,27,0.726,High
EQ_0257,2024-01-11 17:00:00,CircuitBreaker,18.446783645212406,75.84140530515124,48.708476086422195,45.06783340681145,11.833987076640108,17.837442896214696,201.83609685178533,30.568464884068586,1,0.5971111782466296,9.676705748410974,,4,387,0.632,Medium
EQ_0258,2024-01-11 18:00:00,Cable,10.589396211241615,87.92355872859403,34.75256161827715,51.011904436451765,9.490678181229013,14.077141832686625,51.52714437760818,10.507733396174366,1,1.0839167734197621,6.997468722203858,,0,104,0.594,Medium
EQ_0259,2024-01-11 19:00:00,Switch,36.01537764873164,90.07009591727271,53.03090830925352,76.20324012278456,4.470783129591648,2.1072984450171295,323.63835217072744,23.39202897984973,0,0.11986971797027954,4.240454193108805,,2,224,0.46,Medium
EQ_0260,2024-01-11 20:00:00,Cable,35.7471946490443,82.51163322559583,32.309165440788185,56.61596841274352,3.1332408600774557,7.374143417295905,179.4346395955118,7.413585545061755,0,1.1629730613509814,4.7485398871349105,,0,498,0.436,Medium
EQ_0261,2024-01-11 21:00:00,Relay,31.843216717676274,92.66009203247697,23.47976218794632,72.58827857361028,7.084227062444725,17.6031347584297,125.50923771175894,24.300956408371192,0,0.9312405772664477,3.6577132981464953,,5,81,0.479,Medium
EQ_0262,2024-01-11 22:00:00,Switch,11.961426205884006,86.89755305384102,44.54389832529323,45.250187501068,9.672489060334707,7.902618152230065,299.6224091489162,11.378812422139433,0,1.3408117538224529,3.5866863681902177,,4,208,0.63,Medium
EQ_0263,2024-01-11 23:00:00,Transformer,18.665793644928435,69.68466661033014,19.460488492851056,61.26895221698625,4.013890150919572,16.70960451484389,55.14268602923384,16.23553931414228,0,0.5391510428151843,1.1739486782584092,46.84026194502806,0,236,0.355,Low
EQ_0264,2024-01-12 00:00:00,Transformer,19.995637572640423,82.29307294897595,31.171589890194763,62.475014272967506,8.926975123585223,0.1984764225567126,212.43330580872635,32.014479503964886,0,0.8025968061878457,7.097880407130579,57.15251218542858,3,477,0.395,Low
EQ_0265,2024-01-12 01:00:00,Switch,30.445749966430114,90.41472297440734,35.85184190616556,98.08110586233708,1.8832532214398006,0.33895329779161987,319.5553741149836,27.793199508851828,1,0.22430048222483556,3.390245496627455,,3,427,0.618,Medium
EQ_0266,2024-01-12 02:00:00,Cable,8.509018537632238,76.50594971263638,45.92567495674686,61.436842217006316,5.221433897524321,7.434785898126606,50.47376900041385,14.094614244261368,1,0.9873651753749992,9.767749994347215,,1,233,0.607,Medium
EQ_0267,2024-01-12 03:00:00,Relay,32.56476398253309,68.68425397472035,50.94242418699358,82.65587306389008,11.705641853564707,9.15991518007143,189.30185253407598,14.1787246784962,0,0.14525754548383038,3.0541182714432917,,3,97,0.496,Medium
EQ_0268,2024-01-12 04:00:00,Relay,15.151505414362713,82.03823502159585,44.897776263867755,57.90478627183573,0.8676667417074091,19.15579601976408,379.9535116829393,27.200117665007028,0,1.4874254572681198,5.900340995202367,,0,141,0.525,Medium
EQ_0269,2024-01-12 05:00:00,Cable,35.920282157342974,70.19254617788577,29.627229930454853,38.030501440541265,2.9374962620140503,2.8160589778535217,267.8447745480988,27.095690105177237,1,0.8885326791595229,2.322664386293887,,4,136,0.714,High
EQ_0270,2024-01-12 06:00:00,Transformer,31.522589328070655,86.44268650774812,30.52662824507982,73.93042364288505,3.898574688642493,6.90384416988421,371.1200450961966,13.84362165312835,1,0.7314829888290081,9.011270236564132,78.92467426471401,5,152,0.584,Medium
EQ_0271,2024-01-12 07:00:00,Relay,9.80389355877638,72.27178828409014,15.313663630876672,70.47374321833307,6.715101381156275,2.6854970180455107,385.27694236986963,20.300812546531738,1,0.4007452764636893,5.505432140392368,,1,228,0.447,Medium
EQ_0272,2024-01-12 08:00:00,Relay,27.708989649318127,70.21093732123337,25.98815260191568,84.55723927071949,6.894973056039919,10.931542840645898,201.48560077331425,7.185298451361138,1,0.2903371807392261,5.009874748677018,,2,170,0.52,Medium
EQ_0273,2024-01-12 09:00:00,Relay,14.066378496829905,69.44939183113068,48.74598656207295,98.49540233312926,11.897143109951092,17.07569843409334,134.69199561096588,31.936928338856394,1,0.3355422714574711,9.562868293256491,,3,477,0.579,Medium
EQ_0274,2024-01-12 10:00:00,Switch,36.84975952501258,88.63996136663542,54.24574927167288,65.56318236536829,3.893126747641355,8.739917713312417,257.7463273825751,7.973202174729405,0,0.9523977336950069,9.83060053086065,,5,122,0.526,Medium
EQ_0275,2024-01-12 11:00:00,Relay,13.5131218437281,90.98525837236312,51.31595175118478,95.49612742561766,14.402034066081708,10.429192774429438,392.0577677970263,26.44737559262985,1,0.28442358254359473,5.29210095821173,,1,438,0.632,Medium
EQ_0276,2024-01-12 12:00:00,Cable,28.831604085788115,75.17286915875341,40.624607341955496,73.32803832372954,2.4404961571284884,11.301706249055126,320.0694188425127,19.47018294247043,0,0.06754951932535577,1.0813462217136296,,2,381,0.449,Medium
EQ_0277,2024-01-12 13:00:00,Cable,18.353850975130353,94.85962798452168,24.14707118414435,70.74909510973498,3.331138060399809,6.433399793190972,346.8147313605194,25.679258941288566,1,0.1883289521041554,4.858318188877902,,3,339,0.52,Medium
EQ_0278,2024-01-12 14:00:00,CircuitBreaker,8.84592314571267,81.94581425148726,41.49736046804272,29.480209887852126,4.333274083637485,7.956732510043139,371.8358586296174,32.817885416420026,1,0.11512138354364299,7.849071311458529,,0,64,0.485,Medium
EQ_0279,2024-01-12 15:00:00,Relay,18.779997925667956,79.38128740065493,45.17059893388091,93.4741145716327,14.263928917538227,11.542451720766415,174.99240575517598,27.26382531818704,1,0.41395200573033536,6.07666625950166,,0,447,0.58,Medium
EQ_0280,2024-01-12 16:00:00,Cable,18.398775384221324,87.04230113752841,24.615956515740276,35.32743565878606,13.773586300131557,2.036073658990738,227.08526770722608,11.96302514000124,0,0.1064484468222178,1.3241693646228376,,4,466,0.402,Medium
EQ_0281,2024-01-12 17:00:00,Cable,13.081431391068993,93.136340280674,26.299149759081068,96.03673364602366,8.724334394837904,8.732283795375322,253.03109213430912,19.950856401109228,0,1.1502255679481215,3.5424645937556702,,5,73,0.526,Medium
EQ_0282,2024-01-12 18:00:00,Cable,18.23846135640877,93.92873477346427,52.85826052601622,91.40465819891796,6.291719909359704,15.607310060137634,216.71750665538457,19.433576007944758,0,0.34678615813306174,6.320172729326648,,0,240,0.408,Medium
EQ_0283,2024-01-12 19:00:00,Switch,13.39794103484709,77.61537627294862,49.201208064797406,36.56606473686842,1.067374277601492,1.380151852256326,379.2745821760878,19.686851824969537,1,0.6436475041346766,8.297907229071265,,4,354,0.668,Medium
EQ_0284,2024-01-12 20:00:00,Cable,32.23895190940496,77.63353996035254,42.744722298951814,81.68982526815093,9.819760302989318,3.0319014960019874,356.5590792309699,20.555552923872234,0,0.4595850182365053,4.827053668939245,,2,436,0.438,Medium
EQ_0285,2024-01-12 21:00:00,Relay,9.089561621568315,71.70813723545011,45.62187002063443,20.000930780429293,6.248487427234383,10.450203621711768,69.1220470003403,32.27311040025299,1,0.37788173031202427,3.7377884767265277,,2,320,0.664,Medium
EQ_0286,2024-01-12 22:00:00,Cable,16.81433285539579,74.68208320140315,15.058952883452456,78.34758352703972,14.50268249698928,4.485869665700902,282.0665171311979,26.031200827885307,0,1.2802167996812608,4.803662773122483,,4,35,0.437,Medium
EQ_0287,2024-01-12 23:00:00,CircuitBreaker,16.78499626357245,77.4335588866679,43.50485332394051,85.34235732045089,2.72420951634904,7.418820163155305,365.67906886220254,27.78072503175796,1,1.4780446840055899,7.788234337138727,,1,382,0.699,Medium
EQ_0288,2024-01-13 00:00:00,Transformer,19.402660829809747,85.1284971858445,41.44057016989281,26.276465305369918,8.167454386557976,14.186416569452192,108.56245640037113,27.077056370490045,1,0.8964705317454619,9.569996071278352,42.333226401379044,0,389,0.554,Medium
EQ_0289,2024-01-13 01:00:00,Transformer,15.694457989108543,85.4450624996949,26.862396488237227,77.15393312569938,11.385079237828965,2.050319281329489,229.8490624723687,19.74004500095851,1,0.5854571168125345,9.396323763127048,85.51284759302717,1,355,0.457,Medium
EQ_0290,2024-01-13 02:00:00,Switch,28.219072075379465,88.71547243631493,33.468645752524765,93.67956168772606,10.418931408799281,14.57962123311633,351.59181632557085,13.399932912239157,0,1.2202528106067194,2.7571654266084282,,0,166,0.49,Medium
EQ_0291,2024-01-13 03:00:00,Transformer,18.014916615101747,77.73270317382544,54.14101873556562,88.52297789983415,10.517547923853897,14.541135232307802,246.72547804089987,31.571448011930016,1,0.7695751916794242,4.424659388829051,48.966943531237504,2,191,0.749,High
EQ_0292,2024-01-13 04:00:00,Cable,30.799963915570682,89.29887403019215,30.374201540965394,22.01547311673835,12.584959915770161,0.22835966908147265,296.29492287016785,32.19694196260354,0,0.6846089258148951,3.114760644963575,,1,271,0.415,Medium
EQ_0293,2024-01-13 05:00:00,Cable,28.44125929125807,91.69671611845197,36.8572126431139,97.36282202049169,0.7750308248694165,10.095911966090563,301.45888156289254,29.291292721027833,0,0.30992063726629554,8.200031335873133,,1,89,0.298,Low
EQ_0294,2024-01-13 06:00:00,Transformer,24.028505195837813,79.50005677770893,20.268601143163743,89.223660712713,2.3590981226957304,6.195757184181985,151.5159361868529,29.528178923153064,1,1.025419341602902,8.170132574722352,53.775734433587445,4,349,0.564,Medium
EQ_0295,2024-01-13 07:00:00,CircuitBreaker,26.12134888860297,84.58063351116871,48.31321507153084,92.48696483850084,0.1823515721608021,13.480398381175853,68.14252969190515,20.81918395708861,1,0.46706745711333336,3.760989395699271,,4,73,0.731,High
EQ_0296,2024-01-13 08:00:00,CircuitBreaker,18.23579660011834,86.01748102243869,28.36199862675077,78.61592404722244,6.0679107836080455,1.3670640061991723,324.31594486943754,13.715474764003062,1,0.6775119754189308,7.168994948997113,,5,130,0.602,Medium
EQ_0297,2024-01-13 09:00:00,Cable,17.64122855731265,69.64098402825475,29.956841880512542,95.55588661554427,9.626015959478373,13.42958297334414,271.298753773174,11.372787751904793,1,0.6565841029483062,7.758458185269864,,5,4,0.596,Medium
EQ_0298,2024-01-13 10:00:00,Cable,10.939814029041615,76.05773050660166,26.052764338634145,54.56151420756048,14.705531114132777,1.3500509336764388,231.54534803320826,10.842846414329681,1,1.457480990844129,2.019731542547178,,5,279,0.796,High
EQ_0299,2024-01-13 11:00:00,CircuitBreaker,19.704429068486146,89.39866456020357,43.18217712109781,53.818290951514584,5.197862519290774,7.952247571057411,142.49669210552375,11.543989345083595,0,0.7504075614603904,3.416803804608466,,3,483,0.527,Medium
EQ_0300,2024-01-13 12:00:00,Switch,16.336388282020252,87.04592584076215,53.741493267995686,68.29097604475001,1.154692005974494,1.5116722770813396,382.9981272959481,14.026851338298009,1,0.18349712981958938,6.391401284353434,,5,492,0.69,Medium
EQ_0301,2024-01-13 13:00:00,Cable,26.085814570417718,86.80663978344195,25.696081114301652,21.208854737158003,14.475230541817078,5.01786091382205,286.6092008183916,25.07900648672516,1,0.9345107547652542,3.816166547922834,,3,432,0.648,Medium
EQ_0302,2024-01-13 14:00:00,Switch,15.861791359157907,85.33238019837839,49.64382534446766,95.73869831387165,1.5885870660563643,3.096572251954397,380.6576905740779,25.8864511650394,0,1.330341046003171,2.8236937072180885,,3,436,0.652,Medium
EQ_0303,2024-01-13 15:00:00,Cable,25.039990262172655,88.33304823810673,42.20447541787891,52.65213526933585,0.23092337536962715,11.658521136085263,138.58553871286307,18.15686464585804,0,1.438492471871535,4.591317858781912,,1,195,0.55,Medium
EQ_0304,2024-01-13 16:00:00,Relay,32.35424659326837,73.46767756672828,41.89841992100115,98.16055635511547,1.528396513094052,0.16639884454384024,201.75397742141502,8.500888042386915,1,1.1351573070305354,9.23093797463703,,4,151,0.675,Medium
EQ_0305,2024-01-13 17:00:00,Switch,20.586608208554004,75.50263762250779,32.37613276026439,77.87582542800008,0.13581242370556468,11.789079789693943,264.6520897105827,23.21758266619026,0,0.40093201597227196,7.426474510403141,,5,202,0.382,Low
EQ_0306,2024-01-13 18:00:00,Switch,10.650353103621516,73.77883975753723,50.09880186617928,79.09785205812531,0.20618331017017877,4.967525207396005,125.04226904760759,13.31177085699826,0,0.40896166690583524,1.5627366616856118,,4,442,0.577,Medium
EQ_0307,2024-01-13 19:00:00,Transformer,21.309274981307787,89.2492707687988,39.269268988697455,73.82973348784638,1.2172376780435874,19.029814203535743,343.4721418450587,27.737438599382894,1,1.2433265173105628,9.394394573194852,69.93396813625337,2,397,0.632,Medium
EQ_0308,2024-01-13 20:00:00,CircuitBreaker,13.808178518161151,85.8867246277237,44.715259746717564,79.03339146832204,7.821735362503201,1.369174386671561,179.88952845054473,30.86069842851065,1,0.8974509191482678,5.84498748930142,,1,325,0.667,Medium
EQ_0309,2024-01-13 21:00:00,CircuitBreaker,15.796751917083611,78.68501867758079,50.81384356612677,73.31704380214686,11.810805401284993,9.086908461353103,270.5865268096553,12.706357436066604,1,1.0729182039110552,4.8484120033300355,,5,386,0.823,High
EQ_0310,2024-01-13 22:00:00,CircuitBreaker,20.833819929627623,86.83034741272957,52.451224858757065,25.120507728689674,12.371148560205114,5.847662208243863,205.37180907723223,6.591659876925242,0,0.48651681285975384,5.523681183671174,,5,330,0.54,Medium
EQ_0311,2024-01-13 23:00:00,Transformer,9.629106243075732,82.24177615211178,52.08442515433709,28.431457448624418,11.466610921132565,8.193421067519854,279.3108000835183,13.026388145601192,1,0.2812637806849695,2.444163528441038,43.87705701037296,3,17,0.733,High
EQ_0312,2024-01-14 00:00:00,Relay,13.383754442136048,87.26236216468008,50.26762447374032,85.13005484729294,10.27701464811726,2.2086372682220534,151.21560620358244,14.364785633706662,1,0.41243757227655076,5.635050937387508,,5,67,0.716,High
EQ_0313,2024-01-14 01:00:00,Transformer,23.531060631510506,78.3496932799622,29.15156634945744,86.2844478324865,11.839392724795283,6.155916633614913,369.82595535564076,31.726005459067665,1,0.5237766859435592,4.1898245391374935,67.80987843820773,2,382,0.585,Medium
EQ_0314,2024-01-14 02:00:00,Cable,35.29250356347653,93.41326356112704,19.102718503343592,51.4184594617133,8.300567846246578,10.0626494510308,117.85207377791244,29.188052821540175,0,1.0315641353454141,8.541175373666231,,1,67,0.291,Low
EQ_0315,2024-01-14 03:00:00,Relay,32.9041641011347,89.70231975630645,32.56842404998869,68.84374040123396,2.405481091796147,13.472908349498153,112.73863950874826,24.736638943774235,1,0.38291733309325454,2.0579617013519798,,4,256,0.668,Medium
EQ_0316,2024-01-14 04:00:00,Switch,12.793250214145765,68.05777192135304,43.74958471414121,78.59208392467033,7.724000248698892,3.227256021107674,79.24401812874142,6.516482093806749,0,0.29033485659957003,9.01769981484832,,2,467,0.337,Low
EQ_0317,2024-01-14 05:00:00,Cable,15.00456840934877,78.27386848929925,19.213819379253327,37.78890437985362,7.788368561703077,12.155053661913051,135.87330995817388,7.558768299078165,1,0.616997660234728,3.107830338337007,,5,445,0.625,Medium
EQ_0318,2024-01-14 06:00:00,Switch,14.367063773664256,95.8360212786902,39.65201943702896,64.55027545376767,6.236626552849829,8.578886668602886,239.3167513433283,24.803604789974894,0,1.0681118394636526,2.5452451693490463,,3,493,0.568,Medium
EQ_0319,2024-01-14 07:00:00,Transformer,22.503269810222182,79.94678475598896,49.82107865077537,70.5135136974701,7.987560996239727,2.3078928435783475,261.973261263194,9.164505453366303,0,0.5389495345703404,2.2855776833289867,78.06405058634029,1,440,0.518,Medium
EQ_0320,2024-01-14 08:00:00,Cable,13.981311301248425,79.36392182245275,50.826991104751144,36.34531067191762,7.617075959381687,8.38543322332044,56.343414366005405,27.404469066465946,1,0.15011656415616959,5.268295188792583,,0,404,0.592,Medium
EQ_0321,2024-01-14 09:00:00,Cable,24.259670553229547,86.22436724182302,42.54526517231503,40.2617906818172,0.1496816498767406,14.468873247098239,237.4798097716525,28.575177986595715,0,1.2410131262060067,8.58993551009095,,2,274,0.466,Medium
EQ_0322,2024-01-14 10:00:00,Transformer,22.067745139406664,77.6752234792691,46.6623281036548,56.1035290423404,2.751632946051518,17.099480391229488,358.8959568703215,18.590363415784594,1,0.15976460459919184,4.490434809252381,84.19457127044319,2,344,0.626,Medium
EQ_0323,2024-01-14 11:00:00,Switch,34.15144682784063,73.90070953243028,17.67894448101086,90.18803625062709,5.84107408468313,10.835219285351265,388.8230342177656,7.797247653684018,1,0.9900611108055386,1.6669488031738036,,5,481,0.695,Medium
EQ_0324,2024-01-14 12:00:00,Switch,18.888598925528512,91.31062181060996,32.338889310225376,99.77458831223603,8.385889274199032,6.423243052719069,127.0389640666636,15.464054425726369,0,0.5901732469513487,1.6184230995156488,,5,119,0.523,Medium
EQ_0325,2024-01-14 13:00:00,Cable,18.71765178337642,81.46291707243752,43.909510089552185,72.53835877772863,10.631484828437314,0.16727363753714197,126.18358985318761,23.865475786796125,0,0.7517845838606334,1.0478212810151135,,4,452,0.599,Medium
EQ_0326,2024-01-14 14:00:00,Relay,31.33034463052285,90.41147762541979,36.936766519742505,25.31706606210177,11.49772574298877,11.674271754627279,323.6859920052857,26.297168794687693,1,1.214353004338864,5.6620725976416235,,4,113,0.73,High
EQ_0327,2024-01-14 15:00:00,Transformer,12.069411027611935,87.46356672801097,39.818951402078824,79.38025497592697,2.5482150907610297,3.8995039980057844,361.643331026765,26.249400558205913,1,1.3669313086154682,7.8284378904752865,72.8435418294666,5,154,0.743,High
EQ_0328,2024-01-14 16:00:00,Cable,26.969849373808337,93.7847097942603,38.15227018047762,70.59130594627099,2.347150740054009,9.478424402322055,300.7389891853346,13.315452854541867,0,0.34326856176057563,3.82444127401974,,1,23,0.397,Low
EQ_0329,2024-01-14 17:00:00,Transformer,15.00351821179217,74.23246647405549,31.99403371472348,92.62708111068272,7.605894701080774,3.7584076163064606,76.94008428330592,24.79621591872398,1,0.6050582084327624,8.396478519268234,76.27309227524236,3,59,0.547,Medium
EQ_0330,2024-01-14 18:00:00,Transformer,31.091002065699687,75.88643514313502,42.69435689844232,41.124958775497504,14.086027191754374,12.727485630667488,163.57913006136974,13.27682028189136,0,0.3268435483538831,7.25176863004355,52.029358714886,4,69,0.411,Medium
EQ_0331,2024-01-14 19:00:00,Cable,25.263794711897184,75.67441578083536,41.478757791754745,85.19517828324314,11.670378647169798,15.217026618615634,115.70284199228823,8.386393568582005,1,1.0634758013067092,4.315124924149162,,2,343,0.722,High
EQ_0332,2024-01-14 20:00:00,Relay,20.538040565697074,68.90332369100834,25.383057971001968,22.69411230995712,13.187786589018714,4.867933664370609,245.0680093505528,7.052441657850521,1,1.0169287173932042,3.907246111786845,,4,380,0.676,Medium
EQ_0333,2024-01-14 21:00:00,CircuitBreaker,34.03965642177231,93.75542747908705,28.011624734469912,92.07687165523743,14.942365102481682,16.508313282478962,345.70497171433016,12.723235874945427,1,0.8862184783437467,1.6053032257063107,,5,50,0.739,High
EQ_0334,2024-01-14 22:00:00,Cable,10.752620167828422,96.96788574896543,28.06556997703644,79.8547129639077,12.099975795402248,17.160465420144583,399.1699040907548,12.520405101935431,1,0.10850869894656458,4.700723661951274,,2,16,0.514,Medium
EQ_0335,2024-01-14 23:00:00,Switch,11.772339425039462,68.6503507856996,29.417073085659446,82.69906008601892,8.492710368376063,6.255559784207081,279.0197019224519,12.264490868337889,0,0.07085309680452329,7.8791804779278465,,3,227,0.272,Low
EQ_0336,2024-01-15 00:00:00,CircuitBreaker,26.088549461056264,90.10677611052785,16.557520667506623,86.96957022645218,9.29289300054455,11.267907014252803,268.61491684008604,29.33969766544583,1,0.9010579345104153,6.228553418993614,,0,351,0.486,Medium
EQ_0337,2024-01-15 01:00:00,Switch,36.72969555490721,89.94517484498847,32.69175221804541,76.59176000263422,5.8384570753768275,4.57750924966998,258.8981569107158,31.060916649076688,1,1.397252304022421,4.077147502949413,,0,203,0.683,Medium
EQ_0338,2024-01-15 02:00:00,Switch,23.302646520429157,74.13744105852598,54.825244379955336,98.48943262943486,9.74263394561171,16.088281193549467,300.285056449295,22.015271914065643,0,0.12735459563390167,5.092879082973949,,0,485,0.414,Medium
EQ_0339,2024-01-15 03:00:00,Cable,27.568802762854904,87.64841680262685,29.924904736895343,95.33535893264245,2.510355483551715,10.007188924311212,291.809391792788,24.82266675907885,0,0.9905264873147825,3.4775939210667417,,5,108,0.526,Medium
EQ_0340,2024-01-15 04:00:00,Relay,12.529990491912038,86.44226947797462,38.97208464557751,34.348480823139276,10.57708718355845,9.103439834673129,283.71620706110355,28.608911153794068,0,0.2961062214365386,1.17230381197153,,0,402,0.429,Medium
EQ_0341,2024-01-15 05:00:00,Switch,30.593975005477816,85.68122532942587,42.98558278488487,87.0523979990914,12.042164022367508,19.218402938576492,237.57727759824138,19.189382081817445,0,0.6327364398415586,2.3832193855978407,,1,402,0.491,Medium
EQ_0342,2024-01-15 06:00:00,Relay,24.60560975357865,76.03336320545338,51.85230048851902,66.65526434216781,8.892602707621652,7.0984932175402005,68.19627319219762,6.857081665070693,0,0.6638359590221364,1.7610884028751408,,0,424,0.536,Medium
EQ_0343,2024-01-15 07:00:00,Relay,25.598561710664036,93.54821716355006,50.31659266074889,72.7236328105786,3.168477472093965,17.259936627177442,360.13270235962284,11.309646793729886,0,1.119267824367482,3.5786759403441066,,4,110,0.632,Medium
EQ_0344,2024-01-15 08:00:00,CircuitBreaker,31.27656905823496,96.91989909720448,16.201040213175713,91.78926926327455,9.339458003979871,19.467652383296425,212.75333113424966,28.87947412542709,1,0.14047139946750198,4.017511450704662,,1,403,0.447,Medium
EQ_0345,2024-01-15 09:00:00,Relay,9.943479594785089,96.28495087089304,47.67895629087347,88.20379369967765,14.069478471508413,1.702069722395707,184.95915737966666,7.917942004188058,0,0.3556499972475415,3.0642919933390513,,2,439,0.486,Medium
EQ_0346,2024-01-15 10:00:00,CircuitBreaker,21.604109120379782,75.78830285615564,19.039124272710445,33.399287127528616,2.209133453281364,19.461535958245967,315.7523774214658,32.129559562278175,0,0.6876237054364674,3.5053163349639096,,4,128,0.405,Medium
EQ_0347,2024-01-15 11:00:00,CircuitBreaker,31.150502719066413,77.46136362319325,26.97533494821393,38.600479376626495,1.9451846733635303,5.129261220335319,174.3619119658607,24.197843619934723,0,0.1407190212182048,2.8945624569880866,,5,443,0.408,Medium
EQ_0348,2024-01-15 12:00:00,Transformer,31.461685568458616,72.26073578392935,28.70580586090086,89.1727137486512,2.32387966715164,1.654736712363798,219.58829827800378,14.165326804520483,0,0.8669421285015885,8.234244014351276,47.54316684840087,0,183,0.307,Low
EQ_0349,2024-01-15 13:00:00,CircuitBreaker,24.840273452074264,82.65975405130605,20.763151440527984,69.9198788423186,4.104606267911574,9.75668637088025,78.79531349697166,18.40876954476782,1,0.49437202866208946,8.401430900668188,,0,89,0.411,Medium
EQ_0350,2024-01-15 14:00:00,Switch,9.65238308292368,80.13961097263157,33.337256965257524,78.00048610392949,8.614313626353166,13.344246743883621,321.96724997811464,29.279480288771097,0,0.5051194702475822,5.842204348275127,,1,379,0.352,Low
EQ_0351,2024-01-15 15:00:00,Cable,32.363134274736794,96.69408279798664,50.580772441750526,49.717381009950145,2.927497758279756,9.787850748131774,309.5745081426148,19.299364910339037,0,0.7506122518048194,8.544073789736206,,5,32,0.505,Medium
EQ_0352,2024-01-15 16:00:00,Cable,18.480709592948404,92.93404556953772,31.272192038068944,46.25864845426715,6.809848667995485,15.24893917349737,94.10070975239799,11.30331882854447,1,1.4295949972114834,2.5794246464322166,,2,262,0.75,High
EQ_0353,2024-01-15 17:00:00,Relay,24.464092220000584,84.8001195331962,34.58497848200979,71.57961988614548,3.4474008869642763,11.053245355534964,180.26063933641402,23.865016009988103,0,0.25477413789106673,6.137896751555286,,3,257,0.36,Low
EQ_0354,2024-01-15 18:00:00,CircuitBreaker,13.372840306116387,76.08064883033606,23.748392012943327,34.62702238950537,12.385664273410004,5.714151353217806,374.49332365255725,32.188016184320155,0,0.8783276814087911,2.2870101039915376,,5,401,0.501,Medium
EQ_0355,2024-01-15 19:00:00,Relay,18.861899058007857,91.13423563709821,29.69562914788282,26.961377464223098,8.351773663922819,16.902417029920695,328.5742355002258,10.728324783519538,1,1.0255086908980766,2.984538370920824,,3,329,0.699,Medium
EQ_0356,2024-01-15 20:00:00,Transformer,14.328018502012995,93.34808142585037,24.986758109609205,41.0597877214409,0.009800861419493323,17.413380682510354,327.40818462319714,22.937881247448306,0,1.1378853577113213,2.3684371068204264,65.20779770231665,3,433,0.501,Medium
EQ_0357,2024-01-15 21:00:00,Cable,18.185362233114645,70.71951926145348,34.44521940859696,93.65917202741083,0.6008867857604172,5.829218269875877,122.63932767199621,12.4299596489738,1,1.3672301002250942,5.212621488108611,,5,55,0.766,High
EQ_0358,2024-01-15 22:00:00,Cable,21.522682975254746,90.05669363120319,21.17968816019703,58.981228328004065,6.449778211815896,11.938213810933123,399.8451961376535,26.77512014021527,1,0.6269052693752695,8.447977470466423,,0,460,0.43,Medium
EQ_0359,2024-01-15 23:00:00,Transformer,12.950542536061924,68.88344690295985,23.17793489857092,47.23292448914077,7.658711361893398,12.302582810823996,368.7120010250476,19.766058257862355,1,0.7768496847073076,1.452187088406839,41.92013539609231,4,75,0.681,Medium
EQ_0360,2024-01-16 00:00:00,Transformer,23.983638895574792,80.707179784202,48.567215799211944,32.854366776947614,0.37457493175574397,8.980775358602518,133.11749486329012,7.339588080148611,0,1.100667515929062,2.0043369996152274,73.45757250042745,2,319,0.612,Medium
EQ_0361,2024-01-16 01:00:00,Relay,16.150442754839787,73.03138546029564,30.190060916772698,84.11566209783629,5.88140365356859,15.015392984221114,93.92020387970274,26.864828330957135,1,0.39355332111464053,7.096538168999855,,3,305,0.535,Medium
EQ_0362,2024-01-16 02:00:00,Relay,24.407665090388893,94.94519679913893,30.49290071901256,25.293215106755234,0.28733228326879356,16.53717121945506,233.65747318150125,26.93158939954363,1,0.38991712001669626,4.105753709619103,,3,258,0.596,Medium
EQ_0363,2024-01-16 03:00:00,Relay,8.87301229412825,95.88327741264925,41.71471626803253,94.6564070207445,3.9824461114360847,12.229272224513217,287.4749889024232,14.573841906954888,1,1.2797583907726635,9.52445316610223,,0,406,0.608,Medium
EQ_0364,2024-01-16 04:00:00,Transformer,33.660798413184125,89.4329423022418,26.09858718899816,42.529283368450535,14.45040480669057,0.20568991871384057,300.61749063475054,25.06864638899208,0,0.9528998343772063,9.910979614781793,57.15336896700489,3,231,0.331,Low
EQ_0365,2024-01-16 05:00:00,CircuitBreaker,17.859184050004195,70.2892426854501,32.7119254617495,40.88388209878785,5.150800532664663,16.691435805112555,377.4195797346235,11.014792944140012,1,0.5901379507525255,9.357675059038547,,2,423,0.51,Medium
EQ_0366,2024-01-16 06:00:00,Cable,9.792445359987456,70.67845531522998,21.511639568249173,67.61702673014997,2.257084065089962,19.36152762901467,206.35008454048213,19.540984929454492,1,0.4076549929178394,5.238642271912601,,3,373,0.527,Medium
EQ_0367,2024-01-16 07:00:00,Transformer,27.195495346473333,89.78413697166724,45.15472330839652,66.23128901552707,13.565396624907859,16.348156946122188,314.9668401445189,7.501349085372437,1,0.059973045218491505,2.9120254947592565,76.49379766523987,3,160,0.656,Medium
EQ_0368,2024-01-16 08:00:00,Switch,19.92472717759383,79.66978151968004,50.38347552918455,91.6450278505471,13.637628960803786,6.277561530300546,291.8695344587416,13.33409589440798,1,0.3263842579579522,2.661692116126323,,1,351,0.685,Medium
EQ_0369,2024-01-16 09:00:00,Cable,17.921121005044228,80.46877097361482,48.23796684220274,29.59128747781697,11.023887710923413,10.629098283786107,150.78086993659736,19.306128782386264,0,0.4849160011766828,6.364737597144754,,0,425,0.4,Medium
EQ_0370,2024-01-16 10:00:00,Transformer,20.581473762802084,72.76776034328748,19.663322982227868,63.73565456577041,13.536195499291551,6.8791537311537105,306.5500375279181,23.78385658337371,0,1.4007546257487475,8.388829155692267,71.16328923980046,3,49,0.386,Low
EQ_0371,2024-01-16 11:00:00,Switch,27.053884448789113,94.05320753093702,30.98075138347739,46.143576468622186,0.1621662545279451,16.531021483829285,330.3432451411777,8.820271988704087,0,0.8864432026424154,5.1758352835019865,,4,30,0.464,Medium
EQ_0372,2024-01-16 12:00:00,Relay,11.442563769764233,96.43647858476098,23.58783549853422,25.37873440724489,8.922710692528643,14.777333542660653,61.35520611651543,23.7853762456296,1,0.821823220129609,1.9293850798754357,,5,62,0.7,Medium
EQ_0373,2024-01-16 13:00:00,Cable,13.0031924314445,84.47125462216633,26.854304540531537,95.06525829210528,12.281103442260761,19.671344130273262,140.88479363264491,32.182538085545374,1,0.6752891111977589,4.127669157823791,,5,481,0.654,Medium
EQ_0374,2024-01-16 14:00:00,Cable,9.460136282111243,69.53019247792848,42.68045023786619,56.63431955472223,3.3978243905415857,12.279406126504654,138.50034138753892,21.59605736729941,0,0.570852683124901,8.411970039506372,,2,307,0.381,Low
EQ_0375,2024-01-16 15:00:00,Switch,31.8001886622366,81.84316154554963,29.032764373400624,49.00478372472756,12.085717885023268,6.56358965595224,123.1707807973961,8.286585230633285,1,0.7267050252823922,5.339188890278577,,0,295,0.548,Medium
EQ_0376,2024-01-16 16:00:00,Relay,32.38635260168431,74.41592219693585,30.239650946735996,84.67245911149527,12.354354161234603,7.692221519575364,210.6934081503383,14.188719052930638,0,1.4022045737080024,2.067793891674223,,1,336,0.531,Medium
EQ_0377,2024-01-16 17:00:00,Cable,35.07873326704263,87.83212710322495,36.26288610746925,22.61272486275967,7.133942877330124,8.154962100054647,106.4265841912929,23.723059294517736,0,1.4581688156840145,6.059699299580726,,0,179,0.471,Medium
EQ_0378,2024-01-16 18:00:00,Relay,28.72784501687443,69.98506312441448,31.70667983267979,29.30867881315967,9.191937533047657,18.769643164283092,281.62220636507345,8.073682304489381,1,0.5642659972283701,5.9559704149676636,,0,390,0.529,Medium
EQ_0379,2024-01-16 19:00:00,Switch,19.693024927864315,92.17567630378,47.58684018839957,68.94648160825771,5.601869176990578,5.106727475264883,87.05601137459526,15.582237454136958,0,0.6491001499511934,7.082406325936662,,3,432,0.464,Medium
EQ_0380,2024-01-16 20:00:00,Relay,27.08663490462963,70.03313604959645,30.810372617246312,34.54230937738895,2.3521905797520852,16.54604299474492,64.67032585069013,17.317937649357276,0,0.2938953008614514,8.913971941106265,,4,475,0.309,Low
EQ_0381,2024-01-16 21:00:00,Switch,24.15417488497602,74.7100384549286,35.09709148665506,78.51890877624926,14.371770133791507,4.408920084908379,360.1636202452708,31.226211082522237,0,1.3788097895714961,6.718729211757188,,1,139,0.461,Medium
EQ_0382,2024-01-16 22:00:00,Switch,26.264798978606525,79.69310836233086,45.09591529215152,62.50352146807455,10.161571068424417,8.56915807697591,306.02376241509864,28.260730975322826,1,0.2623325720740834,8.496367440168052,,2,3,0.551,Medium
EQ_0383,2024-01-16 23:00:00,CircuitBreaker,23.66859942191891,92.49531136361651,32.25206825364059,50.3232388306428,13.725910987758336,5.0233853509680255,345.4743138501501,19.06855545775391,0,0.7954383916993266,3.7762145334053563,,4,336,0.486,Medium
EQ_0384,2024-01-17 00:00:00,Cable,24.618223817951453,77.43112469201013,16.570776569666094,41.75988842754848,0.09568565109886018,19.567095741137134,388.0115234369116,16.669193031752236,0,1.1061377387924867,4.112254885693825,,1,379,0.376,Low
EQ_0385,2024-01-17 01:00:00,Transformer,27.461701555493306,91.3574712483334,52.87024978768963,52.01698206797376,11.749469744340715,5.318569012642376,396.6163063277769,6.695779166637481,0,0.9251167694266254,6.935553834861944,77.84250563907709,5,271,0.573,Medium
EQ_0386,2024-01-17 02:00:00,CircuitBreaker,11.491239784883582,95.21736372072078,22.247331162003313,69.82027225918728,3.3401411868462745,6.144328340425417,241.2604896048435,17.264222301243564,1,0.28232712141593413,2.5384276217876347,,3,232,0.568,Medium
EQ_0387,2024-01-17 03:00:00,Switch,20.12619885672119,89.96120636998953,50.91858587391154,26.73021298075063,5.896558613391016,2.0049112744575326,55.80736822140926,23.86640443138683,0,0.9235516908515523,2.467172024333976,,2,159,0.592,Medium
EQ_0388,2024-01-17 04:00:00,Switch,14.78057215969886,68.68752485569104,48.39788822777615,97.97524768388412,2.031893051920362,4.629504275305962,353.9433333814269,31.01452254481699,0,0.6584597050698751,1.4556022504216672,,0,79,0.523,Medium
EQ_0389,2024-01-17 05:00:00,CircuitBreaker,9.142363177091763,84.6445461160013,30.715804355727162,22.29219420621236,8.74878588468835,0.22605073178044943,325.58018535224556,14.273686212991032,0,0.10837410436338654,6.29516998884838,,5,41,0.356,Low
EQ_0390,2024-01-17 06:00:00,Switch,19.532848018558585,96.24021198735733,36.767946500148085,42.019134482960666,10.64158296950962,5.429840050854226,366.4851519926478,16.117493203699162,1,0.8473094160254976,1.4551579344180596,,5,217,0.784,High
EQ_0391,2024-01-17 07:00:00,Cable,20.357515900614693,92.13854265016886,47.22595221453368,37.9454847082821,3.3911860651584402,16.346106244264735,375.63944705926394,8.574744874371095,1,0.7025850271680266,4.0370885106780605,,3,139,0.731,High
EQ_0392,2024-01-17 08:00:00,CircuitBreaker,33.24996520826574,70.42222252572054,23.445037702321496,80.19746700691954,0.7694077347182338,9.850707614285785,204.737462137902,15.028831832696214,0,0.6221298572124395,5.769465282372097,,2,220,0.335,Low
EQ_0393,2024-01-17 09:00:00,Transformer,12.67965339326311,84.58788047022419,47.21729317199945,80.81287438321272,2.308498570406605,2.984989394829478,143.86102871071967,15.749017611208005,1,0.6422605930422998,7.117274951500107,43.11742376912095,5,347,0.701,High
EQ_0394,2024-01-17 10:00:00,Relay,9.005508422555925,79.36540632537336,42.88654768551922,35.47482743651861,9.622567218843775,5.196562758805989,360.13013808473073,30.183628495198647,1,0.4810664462079234,3.0699437856691647,,4,341,0.717,High
EQ_0395,2024-01-17 11:00:00,Switch,19.927815189920707,74.97541597022432,41.895353731668145,86.08517476386284,10.096381963668255,16.48700894498699,188.94725677261596,10.220558209139243,0,1.1200288737265087,4.2442705462739845,,1,202,0.513,Medium
EQ_0396,2024-01-17 12:00:00,Relay,27.46685393164484,75.84867431747121,18.249185392266906,99.40654363902107,2.3430226189589893,19.768419879269622,392.04797639825654,27.43308880551707,0,1.0061632950188963,6.200263452259763,,0,104,0.31,Low
EQ_0397,2024-01-17 13:00:00,Switch,33.116944815957204,76.39374612696515,33.70724849939508,69.55119754932015,6.167857138042367,8.54972908180536,165.59963362572955,21.23425905048247,0,1.2833330656219182,2.813755402056816,,1,391,0.519,Medium
EQ_0398,2024-01-17 14:00:00,Switch,35.0985581238498,87.98354195869865,47.93092850720121,64.49525541040093,11.692750521360953,0.3240079467893442,336.4331486728373,7.083749195304896,1,1.3403743957261507,9.927664725147789,,2,61,0.682,Medium
EQ_0399,2024-01-17 15:00:00,Transformer,16.527956403126556,74.09923813228802,45.61453455432163,40.242107273620256,12.983435747583052,2.056851843149534,94.08431873277539,32.43709198771662,1,1.0270664024915066,8.621985019860574,57.83811575433349,5,220,0.713,High
EQ_0400,2024-01-17 16:00:00,CircuitBreaker,27.61802873609753,85.23301299194932,39.12600480491788,74.60259676301773,8.630387596936478,8.581247386053318,146.5729430331914,26.751695934656453,0,0.37809502350462,7.231188755389727,,3,272,0.379,Low
EQ_0401,2024-01-17 17:00:00,CircuitBreaker,14.766651856830473,86.13457492867917,44.883130685161156,37.497111112523136,0.8991495129196242,2.6194748598834816,262.0989385448589,28.93505296809486,1,0.11524539079136534,7.6073613313748165,,0,203,0.508,Medium
EQ_0402,2024-01-17 18:00:00,Transformer,17.898240732551514,81.87732272766615,52.154381993822625,46.557720378867636,6.9800540090922905,0.2736482952136221,78.55955200169343,12.981972960639169,1,0.09038574919055789,6.682377934434259,63.45190962408924,0,235,0.563,Medium
EQ_0403,2024-01-17 19:00:00,Transformer,23.896210879112637,73.06476839099355,26.837281177464646,73.10595798821801,14.479540854455998,1.008335472044184,361.63451229934316,21.575792435402626,1,0.8676833717956544,5.502506816869843,43.816674724730085,4,219,0.632,Medium
EQ_0404,2024-01-17 20:00:00,Relay,10.606428700348658,85.4264481641135,28.63834285742233,93.38144532621445,6.098858060392084,2.8656291740528217,300.1515917257126,13.920542378907266,1,0.8119319456660451,7.2804950695465305,,5,327,0.619,Medium
EQ_0405,2024-01-17 21:00:00,Cable,34.10765922486004,90.97354464924861,42.054442714908966,74.37065459161148,14.188869660481298,5.916481949930721,50.389232968665596,13.342773103751364,1,0.36594250045877874,6.956511266025983,,0,207,0.539,Medium
EQ_0406,2024-01-17 22:00:00,Transformer,26.37763639320034,85.21038009843699,15.649737728378149,78.3022443560518,4.8529561872823725,13.301119780132622,244.80244997575366,15.253734986553493,1,0.24513558730095625,1.8497700789443285,85.7335083211723,1,410,0.501,Medium
EQ_0407,2024-01-17 23:00:00,Relay,34.63352872036518,86.84385335616469,19.137364594419335,52.162177351059256,10.934088001577358,15.596417680201363,91.37651780188101,6.000829408825325,1,1.0825987165268773,4.209365583875851,,5,470,0.665,Medium
EQ_0408,2024-01-18 00:00:00,Switch,15.379958616929548,68.37402662389624,36.61197627045999,88.09205883407854,14.364474694088818,11.314899012265784,230.06146470896297,8.29652240820951,0,0.8458655622367697,4.419811710688552,,3,432,0.484,Medium
EQ_0409,2024-01-18 01:00:00,Transformer,25.606923145623732,79.27306408841986,24.61196493801467,27.59722201827012,4.723776668833436,1.9328966857550456,111.91393278839438,32.65807628164774,0,0.693950157514597,5.786845898545149,88.04901908054684,3,301,0.371,Low
EQ_0410,2024-01-18 02:00:00,Cable,36.87149811422995,84.89871903099576,47.498952841766865,46.155281946934025,4.586159361709367,8.054074419891204,285.37754193577723,24.419175609887667,0,0.5070971802417037,2.198889317229658,,3,445,0.543,Medium
EQ_0411,2024-01-18 03:00:00,Switch,26.33949143749975,71.72145000347417,38.1397003291732,75.47377024450472,10.509172445916775,15.069442213191934,355.5007975479826,19.498892783049286,1,1.1088613248178782,6.57255461829253,,1,170,0.644,Medium
EQ_0412,2024-01-18 04:00:00,CircuitBreaker,13.412558254132794,68.74499970121283,26.38165542707735,55.44269650700955,9.256589166429844,16.999186610064108,118.68600084715797,9.389844327258881,0,1.4470459238377749,1.972401034387664,,4,324,0.577,Medium
EQ_0413,2024-01-18 05:00:00,Transformer,21.876241033108485,84.98134813500576,36.65497683629753,26.882572562635456,0.8554037100542905,2.1096685492207135,254.95568935541436,20.69731196612667,0,0.38892414845327916,6.739967276610324,85.10371261306071,2,179,0.357,Low
EQ_0414,2024-01-18 06:00:00,CircuitBreaker,9.205789835551219,82.44576836289323,42.57241648410761,40.184954165574965,4.616563579397236,12.272758059787677,364.2773527053079,27.86795934817828,0,0.8955388176943961,7.571995459815243,,0,74,0.4,Medium
EQ_0415,2024-01-18 07:00:00,Switch,18.579851636026163,86.58800031486398,33.64726364510228,35.19489091660488,10.526074108158857,11.12929274697644,175.517553683757,30.60615813212303,0,0.08035447084876324,3.841958361245464,,1,308,0.337,Low
EQ_0416,2024-01-18 08:00:00,CircuitBreaker,9.64956053555175,90.22929217042719,43.084298164551704,46.50817749890536,10.134943533106096,7.918744523918997,314.688826997852,18.262958893891064,0,0.647805605355915,9.412569239394708,,1,487,0.353,Low
EQ_0417,2024-01-18 09:00:00,Cable,15.275493896830307,71.49297285990039,38.38172453037833,97.5457449827343,5.6675882059077995,1.2407352725756304,168.7568435583486,19.660154666628078,1,0.2847883596167099,6.922919962508429,,4,389,0.589,Medium
EQ_0418,2024-01-18 10:00:00,Relay,36.93473228129582,81.10044480346187,29.189142269208507,52.05633334675733,1.7271926759280172,17.665472028524476,195.1889794324732,16.456409108470716,1,1.0065508957491878,4.978300788380112,,5,473,0.694,Medium
EQ_0419,2024-01-18 11:00:00,Relay,26.798770595427534,69.78194241379283,47.5489337488891,95.2403162303522,9.731480792390789,19.091318577176214,103.00131002948714,18.890237115969548,1,0.9226197642208985,6.23562982679068,,5,161,0.758,High
EQ_0420,2024-01-18 12:00:00,CircuitBreaker,19.642391593582254,77.80444787162158,20.072960902016753,51.33939604498225,2.439912226582277,14.687313529844367,123.09082742310649,7.5812632426824145,1,0.8509308998349898,6.357067594474614,,0,240,0.496,Medium
EQ_0421,2024-01-18 13:00:00,Cable,33.28547877713466,84.73246676011277,28.81923414893783,84.24095052210563,8.104183397811315,1.5856056926238349,248.04769610963632,30.516500726384884,1,0.6246533069724198,3.666932217098201,,2,302,0.607,Medium
EQ_0422,2024-01-18 14:00:00,Transformer,12.160614253522581,72.39192013612536,32.310859373672756,67.65438593292237,1.2092310775440263,18.791371780503315,314.29676610581856,21.83884579365889,1,1.2512360728615366,1.7216808113090196,66.22613827532184,4,37,0.789,High
EQ_0423,2024-01-18 15:00:00,Switch,26.27270067898824,92.03093427743039,46.338782401970704,42.16553997707197,14.113202543388065,2.486916828617407,356.2967665174032,32.2153867393247,1,0.306872608672807,7.4985945778340675,,3,19,0.604,Medium
EQ_0424,2024-01-18 16:00:00,Transformer,9.168280044561955,79.7572619290355,35.65133196790696,66.45161807277073,14.039058723728392,13.445013745883895,218.44728292673295,27.86122597917901,1,1.4282725903838929,1.1985953381406176,94.03866997408213,2,39,0.801,High
EQ_0425,2024-01-18 17:00:00,Transformer,10.49783203284673,91.61721659879407,26.2133901020565,30.574372620309738,6.597834595707523,12.879131588952271,183.33314575821626,7.473266023632872,1,0.9192186525051391,9.121629484996072,61.07684512709884,3,297,0.543,Medium
EQ_0426,2024-01-18 18:00:00,Relay,14.273650551293983,80.83474303205165,16.934508441951234,85.63900675842198,12.3951121642528,11.760009268592569,173.58601112843633,27.59415084003615,0,0.8542961859431324,8.433390776950146,,3,465,0.298,Low
EQ_0427,2024-01-18 19:00:00,Relay,26.3123049849076,90.74775872317112,38.942519728710394,53.1312854572533,14.369187898892063,10.822276497576894,261.78133148918846,11.95316626419823,0,0.9571936446695509,6.144468845346495,,2,309,0.457,Medium
EQ_0428,2024-01-18 20:00:00,Cable,13.360313540463723,69.72802582324117,39.174372788590844,81.09538154802564,7.851020563830123,4.5354525063929145,283.28269184256226,8.16285461845926,0,0.6906588719628342,2.470300825585782,,0,230,0.456,Medium
EQ_0429,2024-01-18 21:00:00,Transformer,13.349312480736618,73.8665245255879,30.468282281759116,24.09201644963181,5.966901613936473,10.234148942294016,219.15299973821382,16.335170710882096,1,1.2667625817025912,2.3079402317845368,67.81332090797557,5,43,0.789,High
EQ_0430,2024-01-18 22:00:00,Relay,9.799201091740075,70.06351468745939,37.95463398708385,65.28147399102568,13.170502692666854,11.157473513201463,385.92685714169755,7.314760906798104,0,0.19211114293207454,1.3965927541334326,,0,126,0.405,Medium
EQ_0431,2024-01-18 23:00:00,Cable,13.373028659672661,83.69683321730867,40.82288725709712,23.646812635893504,14.18956334768399,16.84330753300762,153.81436875498258,8.084063316114635,1,0.29633625616763304,2.142499723794754,,4,267,0.699,Medium
EQ_0432,2024-01-19 00:00:00,Relay,11.57522959966946,83.03828897130629,24.833897699736013,48.651177322331556,14.842580000764837,13.686284978506896,382.14323346645045,9.84902698589412,0,0.6041022385072254,5.992586229541189,,2,190,0.336,Low
EQ_0433,2024-01-19 01:00:00,Switch,10.225983794773402,68.12143586521078,41.8173733518767,71.34556134411483,6.161832149994177,9.792881520640652,195.40505020723137,6.648136210811999,1,0.5362888290153205,2.5937402985756086,,3,396,0.708,High
EQ_0434,2024-01-19 02:00:00,Switch,10.854301483939693,95.74489258279115,38.974389001686625,78.29250273892822,4.730456148991762,7.862942589880304,132.9233978638532,8.61807311606647,0,0.3095958742902965,8.177626407668374,,5,331,0.39,Low
EQ_0435,2024-01-19 03:00:00,Switch,27.6488283503295,83.86093740357883,34.00359491467072,93.79474269248996,1.091024216680026,5.612016264758319,172.47824874974992,27.12549692974527,0,1.4891461992348585,3.1660346328143776,,2,48,0.561,Medium
EQ_0436,2024-01-19 04:00:00,Relay,33.354912689975336,92.08806005252194,23.986295905670666,51.94660641593781,6.1450930393877865,19.564413370531167,113.3121654826144,27.577265219829115,1,0.5345794355510094,7.577833111985443,,2,129,0.491,Medium
EQ_0437,2024-01-19 05:00:00,Relay,20.180319124574222,84.77243313037965,48.304470933045245,84.33324519871073,12.996347753095502,1.1923465068931804,292.2176935639107,9.779659171487598,0,0.652936923626696,5.937295735492196,,2,41,0.472,Medium
EQ_0438,2024-01-19 06:00:00,Relay,19.679445057658093,83.06873859828721,54.861052351944764,30.817385097028378,10.131840680046384,7.920019327712304,96.55342961756507,10.285892611106357,0,1.4264460040561444,8.916413470405859,,2,158,0.551,Medium
EQ_0439,2024-01-19 07:00:00,Cable,34.30421685203564,96.7544504989942,23.332615600340716,48.43514698912494,10.038285448873001,9.676050797212945,196.43633668241674,15.660903732061012,0,0.9109819163180057,6.180340857760738,,4,362,0.405,Medium
EQ_0440,2024-01-19 08:00:00,Transformer,12.682277187862962,81.68045528803474,37.138871048393995,65.62295509851124,3.151607893685277,14.845427845045736,58.81968318737437,15.580460099665391,1,1.1813083403766687,6.075036289498621,54.36393378809731,4,192,0.719,High
EQ_0441,2024-01-19 09:00:00,Switch,28.153640460948385,84.45433738052613,46.84974437825549,78.80201489518586,9.15161883054352,9.76355350621628,96.61374398363319,13.055991482905362,0,0.6576942357297737,6.393693583057498,,5,359,0.515,Medium
EQ_0442,2024-01-19 10:00:00,Relay,22.89752780124384,76.35735125282636,15.258574311588422,59.69913775206511,4.284389828433646,14.692166014210702,58.38119284466922,21.790350905256354,0,1.4151376443837949,2.5696834040034955,,5,343,0.521,Medium
EQ_0443,2024-01-19 11:00:00,Cable,21.677835231767265,70.65123776269701,40.027276490454106,64.04253444769805,6.110482863192485,10.427540429474824,363.8011304641536,11.299946162398811,1,0.0827185419727535,8.75498396229191,,0,185,0.454,Medium
EQ_0444,2024-01-19 12:00:00,Switch,24.73639538924929,93.82909520839343,38.877808936526904,84.8128871967762,6.445100450327219,14.997198625765375,369.5645134114496,21.447320020499568,0,0.31213846831545033,3.4191785352717834,,1,174,0.405,Medium
EQ_0445,2024-01-19 13:00:00,Cable,13.760692730024768,75.15885380027626,27.256617974041454,64.41070294025508,8.819874441957491,8.529994944837222,265.3972729372924,8.20252299150688,0,0.17729294373433196,2.546465143218926,,1,70,0.341,Low
EQ_0446,2024-01-19 14:00:00,CircuitBreaker,23.024247443169997,74.2058456822511,26.331376139703092,52.025026893839524,12.177991860155698,0.27724271825720237,277.2825870828178,24.059666338098506,0,1.208050881517123,9.39477645154282,,2,432,0.357,Low
EQ_0447,2024-01-19 15:00:00,Transformer,8.583997619529406,72.45972745988327,50.446851762239724,56.68148497496123,8.468859584001953,13.260544074462947,287.6733115734731,31.15699088954572,0,1.495576655246921,7.481417148378462,55.7971665062833,5,172,0.625,Medium
EQ_0448,2024-01-19 16:00:00,Relay,33.51281966653596,69.42740652168209,24.24323411497985,91.79085739709718,3.8428727165903243,4.41302119243497,98.34385259908653,29.196017456466745,0,0.7750844758270757,7.074038827487393,,4,192,0.374,Low
EQ_0449,2024-01-19 17:00:00,CircuitBreaker,14.932925138175861,89.98317220932528,45.40022179848394,45.00784199266401,6.160239495154243,4.193805548604017,391.7963581630165,23.431269580577112,0,1.4050886270374976,3.7304698926621986,,1,425,0.58,Medium
EQ_0450,2024-01-19 18:00:00,Relay,30.674836476909803,90.20990067265751,42.666226074661665,97.25111802134404,5.903330041594733,2.614346471795146,285.09810073542127,25.691364612884566,0,0.8838378315152813,2.8613610382005663,,5,224,0.593,Medium
EQ_0451,2024-01-19 19:00:00,Transformer,22.629222308411308,77.05350236050475,32.098661126667565,71.61748606757311,11.178221140362519,4.644493818026863,191.86387622643366,13.267362416773988,1,0.3380158400997102,8.050484979962546,90.00889819403459,2,346,0.499,Medium
EQ_0452,2024-01-19 20:00:00,CircuitBreaker,18.736733384852727,89.78708880683924,50.87981157457644,87.68993684241852,2.7422008280883885,19.125837630267227,181.83675415031186,15.159497851693581,1,0.1405254245527815,5.375562886943947,,4,145,0.669,Medium
EQ_0453,2024-01-19 21:00:00,Cable,11.161394853586932,75.20765480689535,27.677704870691255,84.70610587933473,13.132329755938448,6.049326349229394,350.54434243560087,29.145235308984358,0,1.1587438780580666,2.320256026136634,,4,122,0.539,Medium
EQ_0454,2024-01-19 22:00:00,Switch,28.01936256012114,95.4056978728365,42.30161915068628,46.52934792862672,7.5086897614624695,12.914500867021072,228.69964305497624,9.238729426736185,1,0.50249286474543,8.221564274982693,,1,188,0.553,Medium
EQ_0455,2024-01-19 23:00:00,Relay,32.981123336770004,71.98170094875154,53.09547009594898,46.30580942788875,9.9347060809608,15.036502919133623,334.1811821232592,31.535241960100112,1,0.5037333446417928,8.72655809096399,,3,393,0.642,Medium
EQ_0456,2024-01-20 00:00:00,Switch,11.818920199650004,88.4461862842542,44.679109180559436,74.21785929610564,3.7847210420272948,17.460862940304068,109.10046217963824,7.448139371062433,1,1.0903242363872727,5.279281437094603,,4,270,0.763,High
EQ_0457,2024-01-20 01:00:00,Cable,32.62384257880161,79.11851709068951,21.731143540308512,86.91537539758957,8.233644474601075,3.7839158478070978,302.134399505256,19.800068239216515,0,0.9262538242484638,5.148085043859237,,1,410,0.359,Low
EQ_0458,2024-01-20 02:00:00,Relay,32.032560530722186,92.05731875480845,43.37555287297545,28.43211019171698,12.582807928561033,13.420259610658196,293.9584581015048,15.800536690904535,0,1.3249553564276597,7.528344402113717,,2,26,0.503,Medium
EQ_0459,2024-01-20 03:00:00,Cable,11.265123529346639,79.82556299777872,50.455214478405665,23.775736135790318,14.421249294630742,13.583251366391256,270.98159217518185,13.305099925175767,1,0.4107480936718067,9.478523975397358,,4,478,0.62,Medium
EQ_0460,2024-01-20 04:00:00,Transformer,16.649901172789562,90.48965360485099,30.724871928283164,31.14032566277632,0.16072946543038424,10.885146740305016,391.52258649212644,15.966677232848522,0,0.5679288842899151,4.096824560644979,68.62991105176721,2,42,0.401,Medium
EQ_0461,2024-01-20 05:00:00,CircuitBreaker,20.779281619304513,93.51752417508342,35.22083166893961,60.62062705508551,2.075573920808349,19.65479081820772,137.49051180409037,7.980829821409272,1,1.0115620610140528,6.358297331411854,,3,463,0.66,Medium
EQ_0462,2024-01-20 06:00:00,Relay,20.039223965789624,80.24357478253967,46.40255684185725,35.65701120797193,12.303799784173346,12.974942277900363,196.63942082283353,18.366772647764453,0,0.4221384504198389,7.769028994272773,,3,46,0.414,Medium
EQ_0463,2024-01-20 07:00:00,CircuitBreaker,22.873367526852764,77.30478173974547,38.84200463043801,99.65875616410584,6.528934194848308,18.413828015572392,170.75589397359812,7.477783086974619,1,0.3461510542342219,4.768256289949158,,2,476,0.603,Medium
EQ_0464,2024-01-20 08:00:00,Transformer,14.3694129292425,68.0065841083294,51.60006150990109,87.51035289847432,11.134383472304206,3.3562919129205726,92.12725167349512,7.825328235754345,1,1.0998423237207358,9.359271646190967,63.679470150217035,0,202,0.641,Medium
EQ_0465,2024-01-20 09:00:00,Relay,11.455079487885396,82.85939180123108,28.953276298345205,49.985993947999816,9.31995936233561,14.374362265244047,88.7112596056063,6.960936231774863,1,1.4917789388942866,3.0945551402399665,,1,197,0.715,High
EQ_0466,2024-01-20 10:00:00,Transformer,9.561085222345312,73.50638454378168,16.558313853938568,51.34487156937374,12.036026766769863,6.824888995154412,205.4641924074283,24.24084288632085,1,0.7878964016013263,8.753011174191919,87.6319621275166,1,14,0.44,Medium
EQ_0467,2024-01-20 11:00:00,Switch,8.287410169243456,90.56334288801278,33.429344009666956,99.10724330429305,7.2484811381315275,19.737918907765952,314.0992764220078,12.712331884559271,0,0.8306727199660886,9.929220755307245,,5,332,0.395,Low
EQ_0468,2024-01-20 12:00:00,Switch,32.86838762480579,70.8236399199454,43.25487987239984,47.646366869665044,0.10473392820522176,8.069619380539992,132.16404760373996,28.10947030405273,0,0.5391293828263599,8.447713245584353,,1,19,0.359,Low
EQ_0469,2024-01-20 13:00:00,Switch,8.017340226209065,76.92675535075746,24.646608572310477,38.68538888548888,1.0227992964819403,3.7424854082100345,244.44234945996695,13.8667489666191,1,0.6552224343772646,4.391801923124697,,5,425,0.634,Medium
EQ_0470,2024-01-20 14:00:00,CircuitBreaker,33.40124282499694,94.25367097130496,34.7182788662344,46.41247602524835,1.6020105600354544,19.0680575876419,71.07943071510411,14.036557494343572,1,0.482195991696506,3.8836115752619342,,3,315,0.636,Medium
EQ_0471,2024-01-20 15:00:00,Transformer,12.764318454899868,90.71168149678722,19.89991447863957,70.79253273225302,1.8576904005872619,1.4107127518591311,368.3003262900568,11.133476690605054,0,1.2408127241115712,5.901677839964222,44.28210857848233,0,131,0.356,Low
EQ_0472,2024-01-20 16:00:00,CircuitBreaker,35.707997551703954,75.16187384276489,49.38581381410426,33.50480046276513,12.809143232127793,0.2645762581058797,229.12315979931824,26.774949644382033,0,1.4054535003645359,9.182819225858383,,4,481,0.553,Medium
EQ_0473,2024-01-20 17:00:00,Relay,31.769121216881704,93.75754914017782,22.968787433483058,42.7347436569383,4.334527873815878,7.541078620033977,187.66223463481603,20.70299376567624,1,0.28182565688134,7.221219974073904,,0,397,0.418,Medium
EQ_0474,2024-01-20 18:00:00,Switch,12.859429639830688,76.99894598103188,35.13380522424616,83.71524492187818,11.092038498580909,12.910687128210444,104.52064120305955,20.770224331620597,0,0.1767974276098339,4.396268591169857,,2,62,0.367,Low
EQ_0475,2024-01-20 19:00:00,Transformer,19.991979378408814,69.15453174392687,25.959523978798874,96.45195738131915,14.304489117445343,7.0465410850507855,65.08503813191342,10.835563361860903,0,0.6187158004786332,9.530017281723069,47.76594849454517,3,327,0.293,Low
EQ_0476,2024-01-20 20:00:00,Relay,30.141959466378154,71.15179364186606,54.25030309565108,50.5293199287308,11.62851808348584,6.851821656222636,269.6841070055831,11.184434287980991,1,0.2617304779805957,9.442577256113182,,0,56,0.542,Medium
EQ_0477,2024-01-20 21:00:00,Cable,34.61177105922857,93.73659926617358,40.017338006663735,84.66145689730226,1.0355540536706238,6.695780837813583,159.79609366500466,23.16242369272056,0,0.5661387715324288,2.336561034793127,,5,263,0.547,Medium
EQ_0478,2024-01-20 22:00:00,Relay,25.297545186992767,91.61713369940337,30.28493977839893,30.581497207878535,2.950322959692346,4.74966610338768,154.96415754808768,23.355466903670347,0,0.9213709525796926,7.264718754103352,,5,73,0.443,Medium
EQ_0479,2024-01-20 23:00:00,Switch,18.51255755141388,91.89593190451937,23.16350644623041,57.52325980145231,12.014080823121455,3.603172954652385,88.45208980927403,29.859467127575723,1,0.5472480110008341,7.154831124181288,,0,314,0.456,Medium
EQ_0480,2024-01-21 00:00:00,Switch,8.735109523654216,88.01135976387404,27.64405246187882,24.45926828699534,9.147191423221756,4.8160763214634645,185.382534718158,8.175681931735866,0,0.2633867140876707,3.6817951194625937,,4,213,0.392,Low
EQ_0481,2024-01-21 01:00:00,CircuitBreaker,10.603025516244557,94.41396167590314,15.241881727359136,58.708817509144914,1.8487118719882716,6.15358178955897,374.1208459363929,10.365752938397645,0,1.4504568635915822,2.8521493929047956,,4,499,0.499,Medium
EQ_0482,2024-01-21 02:00:00,Switch,29.505417145538058,83.85364068202205,50.37914910387037,64.31946044025048,8.01838828734463,3.9091600073679977,108.18027671808056,30.745207080118885,0,0.5253653883325494,4.348740294666063,,4,278,0.538,Medium
EQ_0483,2024-01-21 03:00:00,Relay,30.034886094423264,77.82588099026141,53.08249786556011,79.03422151990402,8.961438638601301,17.61790321089505,67.36206792231897,12.940692689108637,0,0.7243026846203194,3.0428068552436893,,3,447,0.585,Medium
EQ_0484,2024-01-21 04:00:00,Cable,29.573250431762407,94.65703290055802,31.950804797236934,47.37060800895159,14.423260982063494,8.897048656550817,221.16694015724912,15.494546553231444,0,1.3688452858676006,6.120599349536657,,5,198,0.534,Medium
EQ_0485,2024-01-21 05:00:00,Switch,30.103063028267695,91.5423948321757,28.673961676690325,54.6955465056304,12.727076616093969,7.265107033516205,327.877296708148,31.4067927095098,1,0.9536550409486101,7.674645587067,,5,8,0.63,Medium
EQ_0486,2024-01-21 06:00:00,Switch,31.34782204919291,92.50614981800263,30.802133514271837,24.101076734079854,6.028144068551093,13.475124595681795,207.62263502327747,26.22200507323076,0,0.5676245227295627,6.712697269936266,,2,123,0.349,Low
EQ_0487,2024-01-21 07:00:00,Transformer,13.406174340765263,89.73171366270375,36.82783875252103,36.325151083728045,4.378667602467109,14.972174171636647,218.91043248153224,11.83284889061295,1,1.4525432260369315,7.4361251783519915,92.64241578968878,1,22,0.666,Medium
EQ_0488,2024-01-21 08:00:00,Switch,20.386046315449953,81.7779098800599,50.91820864740077,62.003947219630774,10.609183678585007,5.043457549910599,206.3542640459242,9.333146376879588,1,0.34867105202159443,1.0084907374086798,,5,89,0.804,High
EQ_0489,2024-01-21 09:00:00,Cable,9.138686497811147,96.34123087213095,24.694147805470493,73.06485676032015,12.586495481994174,11.013209184731284,103.60057502938466,25.659143808076493,1,0.9203645446443954,7.581255304126376,,5,93,0.606,Medium
EQ_0490,2024-01-21 10:00:00,CircuitBreaker,30.32265206285553,96.2869006628576,37.9425312010684,47.331289015248146,9.726968353503556,1.3688141848525226,364.0890614125552,9.223287306131313,0,0.5253721149344365,8.341708425635087,,5,397,0.41,Medium
EQ_0491,2024-01-21 11:00:00,Cable,25.322058971590643,79.41543008804582,33.937426375000854,88.36379145617443,5.100065790898382,17.392993696243426,80.84705084184202,26.973557804633028,0,1.2789440679293678,2.6363588755360485,,2,103,0.543,Medium
EQ_0492,2024-01-21 12:00:00,Transformer,20.480049438793813,72.79949346524602,43.26416515976871,62.82782144493254,9.529850200624816,3.929739339124223,124.11105171834683,7.120427788767472,0,0.5169979260338081,6.037701952003075,87.18642026985307,0,161,0.384,Low
EQ_0493,2024-01-21 13:00:00,Switch,27.34089597630174,80.62649337859278,53.12480457576551,77.53961604606656,13.95247804293825,10.551759465443313,140.61649617759886,7.426320531847494,1,1.1028230346515833,2.0917269820498072,,4,242,0.875,High
EQ_0494,2024-01-21 14:00:00,Switch,16.78047871988705,83.44165632863303,37.576663511189906,68.04665575897089,2.4938299552455097,7.5947480964329745,266.01797949093833,32.18510934511219,0,1.1050651496645485,9.30343381384562,,5,97,0.466,Medium
EQ_0495,2024-01-21 15:00:00,Switch,30.104149691111136,85.15979209787962,22.68093476545378,73.33485215140104,9.350693489398607,12.049383409145328,221.42505379588425,20.273728307710442,1,0.5349416643212509,5.673814233780728,,0,443,0.482,Medium
EQ_0496,2024-01-21 16:00:00,Switch,13.729121264675868,91.35005752345093,22.431078187948312,26.79730319115731,6.543690395357361,13.166148790121238,203.20088872673946,13.472361562685332,1,0.8593482166411391,4.1230210187097995,,0,409,0.554,Medium
EQ_0497,2024-01-21 17:00:00,Switch,35.05316301367236,94.7567090485036,35.09487279888382,46.230719521460685,11.056986209349587,0.7342588696613328,216.16915211527794,15.080731645299005,1,1.3847770333987044,1.1080272454541429,,3,380,0.814,High
EQ_0498,2024-01-21 18:00:00,Cable,24.03163139583212,89.47924385093215,34.40071950096165,26.83224241301773,14.586920850418533,10.360208627521958,264.965185511654,12.388464133102698,1,0.7510722234048656,4.862345427624897,,2,498,0.631,Medium
EQ_0499,2024-01-21 19:00:00,CircuitBreaker,10.171979418057528,71.07865025287654,48.49890078475098,39.18559617652722,2.9243740724794582,10.098229025002786,319.06149597687954,7.672556001632674,1,0.886371483475471,2.0728939855651602,,5,254,0.841,High
EQ_0500,2024-01-21 20:00:00,Switch,9.057370473942935,69.52957461270431,48.36656432833765,29.437798690244925,0.6772704661843792,8.757997742858246,345.39771517970865,13.085026165211152,1,0.6614832954125788,1.359302793073761,,0,372,0.725,High
EQ_0501,2024-01-21 21:00:00,Cable,21.023276909911402,84.75077933847687,37.83628215008579,46.594135373949214,4.732997709947033,2.1324723787319577,178.37941222619392,8.686356059570045,0,1.1615641198324749,9.696468679733673,,3,308,0.427,Medium
EQ_0502,2024-01-21 22:00:00,CircuitBreaker,36.1321592433345,93.08706188188643,39.031685973584764,76.0692557795104,4.278087040206211,12.615408403452413,209.4773423039571,19.01446817397718,1,1.148776012543979,3.537265200375265,,2,52,0.735,High
EQ_0503,2024-01-21 23:00:00,Transformer,17.223148739141077,94.81461194273047,17.24897179403889,58.85074387306723,13.692012006117926,12.20726015636314,241.24247597424622,12.743092839192592,1,0.54774945914345,8.668435742242236,70.75699724726519,5,151,0.494,Medium
EQ_0504,2024-01-22 00:00:00,Switch,22.927523618946616,70.88781169266083,15.641126258204924,97.09481509496393,5.654792509302625,12.064261241990087,77.90027561554975,24.444085714522256,1,1.4022217276236433,6.180987276976777,,4,367,0.629,Medium
EQ_0505,2024-01-22 01:00:00,Cable,11.657344348886905,84.86992429673083,45.653888524186094,52.51332292592149,13.197566219122018,12.97365906714729,364.73712140122086,22.834643403678104,0,0.2403675594069951,3.787225399946702,,5,227,0.505,Medium
EQ_0506,2024-01-22 02:00:00,Switch,13.85205349932125,94.355968433789,45.41600269149931,74.11186951280048,4.5144947944743254,3.6808954410042705,314.75788079611914,18.80226453873515,1,0.3773948506184122,6.549597803487476,,0,372,0.567,Medium
EQ_0507,2024-01-22 03:00:00,Switch,9.169681712015107,77.45893736971935,33.74227978364539,31.83666672875247,14.769817163862594,4.1819472917922855,95.62359551514294,11.495441594946204,1,1.1651386430816002,4.829550933446585,,2,327,0.683,Medium
EQ_0508,2024-01-22 04:00:00,Transformer,24.397062252823602,68.60926555260446,16.377252342932582,55.66604398616129,12.249828648024353,17.704777574151304,80.34729865847407,20.535803756727617,0,1.3741830451049422,4.491754789580977,85.62612072856027,5,326,0.483,Medium
EQ_0509,2024-01-22 05:00:00,Cable,11.87717397758365,95.12644020036616,45.05693270125211,95.30675142295213,10.149258503287598,7.2680786399885395,378.3634103836529,13.440302960347818,1,0.5316501569895121,7.307275762015663,,4,410,0.651,Medium
EQ_0510,2024-01-22 06:00:00,CircuitBreaker,30.1941726862362,94.95270103162547,23.19209636224838,83.83984281753791,11.078190800954452,1.2758911250719573,185.52809942357243,13.634667340622663,0,0.49151111531334407,9.846521915992307,,1,434,0.215,Low
EQ_0511,2024-01-22 07:00:00,Relay,26.64054499091791,88.81260857601148,54.06470549260037,50.17614259661109,12.027602526792089,8.690619266089907,354.3367851352429,10.877753615405187,1,1.4241449567432054,2.968945375697917,,0,64,0.825,High
EQ_0512,2024-01-22 08:00:00,Transformer,17.46039470244701,89.92957478909663,30.750205662616267,68.65691014131573,6.668602516041427,14.847398741795637,129.91593832901378,7.578365655395679,0,0.484897626335946,5.268777983815872,49.241102870597324,5,187,0.427,Medium
EQ_0513,2024-01-22 09:00:00,Switch,18.28912140003527,79.59950753051349,17.29567374753094,66.66457985473636,13.265151419569312,3.0348582590610484,259.2328046905299,23.94795853259285,1,0.6580352866079682,7.30987828627843,,4,16,0.516,Medium
EQ_0514,2024-01-22 10:00:00,Relay,19.91121476123935,82.63448135134561,15.29412178217708,75.3376091307751,9.920140184170867,0.7680175465268912,178.88753758829657,32.43385970137502,0,0.6600680157244944,5.517508646186576,,5,230,0.361,Low
EQ_0515,2024-01-22 11:00:00,Switch,34.38797458663184,88.80059440010693,38.28280524496894,83.8243745072858,12.965493996839598,9.137761434745338,216.28792772614239,16.423375262599567,1,1.451723903026768,7.274496288613154,,3,390,0.717,High
EQ_0516,2024-01-22 12:00:00,Transformer,10.413468920034097,93.02582907607754,34.222397633450726,25.500312513798995,8.245758827449666,8.343285579514042,357.21229170191873,11.50785429745346,0,1.2483736837636652,6.019198220669074,43.003566676740796,4,187,0.513,Medium
EQ_0517,2024-01-22 13:00:00,Cable,36.18351373843905,82.8658420789928,26.635074169263298,57.55254735914065,12.867866752762335,6.09806248770127,117.43673877034512,9.484923667133799,1,0.4818961276658063,8.020432783360391,,5,142,0.549,Medium
EQ_0518,2024-01-22 14:00:00,CircuitBreaker,21.67716459066259,74.59696650711265,21.647399984389967,46.61835812083033,14.098865593285632,6.8605342518004875,395.84342658412237,19.101222305664617,0,0.3097876815207188,9.020260826141584,,0,376,0.179,Low
EQ_0519,2024-01-22 15:00:00,CircuitBreaker,21.35030582090998,88.58046896163121,54.34846332836607,24.01402802559792,1.450418396813507,14.409134829255123,148.6387511534152,10.976137717652675,1,0.10707472573860777,1.1966204078758162,,4,198,0.767,High
EQ_0520,2024-01-22 16:00:00,Relay,30.460082490473937,71.89856939371695,33.70882463884604,68.47174521435863,6.425277008532694,0.5421330467246621,324.2255259057681,6.283857062624644,0,1.1547403468473518,9.039740444093104,,2,396,0.397,Low
EQ_0521,2024-01-22 17:00:00,Switch,20.552357710657997,83.53073171983615,34.07933570470615,51.1366894898751,13.311368030555403,17.87867021339981,167.5357276245371,22.606883358396846,1,1.394015965111503,9.658526490472164,,1,313,0.599,Medium
EQ_0522,2024-01-22 18:00:00,Switch,22.75981217223938,81.13191935324548,26.14777263714103,96.7097498552328,2.1422145670930104,11.596591520954501,148.8925936315236,13.533223839390509,1,0.6372044516954732,9.989136422340891,,1,62,0.448,Medium
EQ_0523,2024-01-22 19:00:00,CircuitBreaker,9.59402289835484,84.77771272790241,18.302886321411087,32.361666399241514,6.5934441265934804,10.209202626928827,140.5773429275834,14.544342533609237,0,0.17610217937110295,3.7289780545982545,,3,88,0.309,Low
EQ_0524,2024-01-22 20:00:00,Cable,36.030194742035775,95.39651406850197,28.3951316054794,65.66831490230092,13.643930866664165,0.12367645281793349,333.73924961815715,31.605977925300813,0,0.18242231478365772,2.4530291742962893,,5,495,0.43,Medium
EQ_0525,2024-01-22 21:00:00,Switch,35.86164278036931,83.58866416557004,15.567865378868948,40.61055990108233,6.749155114032894,13.858178220495354,306.60613234787985,32.87638084898731,1,0.46689123910645053,5.843980916816277,,5,33,0.53,Medium
EQ_0526,2024-01-22 22:00:00,Relay,23.466382887928546,79.76371252396989,21.76647575369681,98.19652505470741,12.79975779999879,9.966660565884744,261.1358979394104,12.136048446110882,1,0.838491252068033,7.254731198093283,,2,435,0.525,Medium
EQ_0527,2024-01-22 23:00:00,CircuitBreaker,22.939843823211074,96.71826994696329,39.45366624990905,49.677897007373524,11.582280414237571,3.409250231632841,184.58053479719328,15.367891660194818,0,0.6761202879062771,8.036018433358537,,2,260,0.385,Low
EQ_0528,2024-01-23 00:00:00,CircuitBreaker,22.041017932738818,91.02641905771291,38.05955612559464,47.365554772604426,12.149681155252086,4.765793411061832,128.53404292992843,19.621578949480565,0,0.4282314066450289,1.0817833145609468,,1,405,0.463,Medium
EQ_0529,2024-01-23 01:00:00,CircuitBreaker,26.800628291665245,82.82172082269955,32.82071257972645,97.35748116946523,8.567987759443705,17.26863155578769,98.80758267180606,21.368574504494546,0,1.3085704587598093,6.247951815519082,,3,13,0.489,Medium
EQ_0530,2024-01-23 02:00:00,Switch,28.822411165683043,78.78926346655402,18.697980681482665,56.63202361016572,5.917190862582863,17.341203647578947,135.39835582336528,32.101824143447914,1,1.4393002737165195,3.2286847876429485,,3,411,0.689,Medium
EQ_0531,2024-01-23 03:00:00,Relay,18.093506708842295,93.97111648534266,53.6648888358443,55.47512822688353,4.814955684613468,10.521880265030841,290.7192222280072,13.383811915124454,0,1.1178861031976555,1.4649162140317693,,4,452,0.692,Medium
EQ_0532,2024-01-23 04:00:00,Transformer,9.429540290168077,79.2023434492208,29.13892768242882,45.25065722937218,7.36529644003365,6.414671646231424,117.29027146383217,14.355677825392224,0,1.4636111955748408,4.7000207529536375,64.45920272720846,2,203,0.5,Medium
EQ_0533,2024-01-23 05:00:00,Cable,24.71980470858306,96.51688228401257,24.66405105743052,74.50256884259471,10.739770403125862,12.146488335861319,81.00241887282543,24.275551447344565,1,0.14293733100245443,6.365283845949072,,3,421,0.486,Medium
EQ_0534,2024-01-23 06:00:00,Relay,29.447854139430536,74.11812682797856,48.664880301710966,22.42830444264034,12.657192954874592,9.206581012855303,126.15577897607557,9.612009914837136,0,1.4322953929944402,1.6539902882304105,,1,497,0.643,Medium
EQ_0535,2024-01-23 07:00:00,Switch,13.773709178141845,78.08684807555834,39.809393958444815,63.58408682208787,1.8846523861847098,5.794559674764292,133.56311988010845,11.765657071239218,0,0.6461592878959812,7.336283073324912,,3,238,0.417,Medium
EQ_0536,2024-01-23 08:00:00,Relay,14.306135034299842,78.63368751138646,30.63669707364649,98.11652235483281,14.319995353186034,16.002751655041518,134.5806222867148,7.837007480475082,1,0.5095109996949059,3.4011509449044777,,1,449,0.587,Medium
EQ_0537,2024-01-23 09:00:00,Relay,22.67184820424542,90.554109391966,49.332917555154324,87.58912683284068,5.395133418346017,13.744686869213659,159.49196913347703,7.644449667349933,0,1.0672696351242663,1.0884479731280905,,1,221,0.61,Medium
EQ_0538,2024-01-23 10:00:00,Relay,19.86629503629617,77.55199880976019,42.7351015407541,81.29963782083031,4.561419539569258,16.23254028889707,152.87086617672682,18.050811719637153,0,1.1041768641704943,7.236282063023097,,0,265,0.436,Medium
EQ_0539,2024-01-23 11:00:00,CircuitBreaker,36.6336856970538,74.52966970226203,41.49271654158329,68.77455266206219,13.726476817350449,3.127242832897501,313.12935725542656,21.343252639256747,1,0.44826551119246283,5.269914227324567,,1,82,0.601,Medium
EQ_0540,2024-01-23 12:00:00,Switch,17.679521315024136,84.80008868086537,50.56002443258664,65.54439875297616,9.47583627489876,10.374956942294189,67.90792725591658,12.287181035654545,0,0.7634025076765201,3.792117553702343,,2,485,0.542,Medium
EQ_0541,2024-01-23 13:00:00,Relay,13.271144335074633,82.61985241563471,27.912391737914014,40.64861145387318,6.959781261605712,2.665685161643463,374.71100657639255,29.427956643819453,1,1.0760498493237762,1.955924448296106,,0,128,0.657,Medium
EQ_0542,2024-01-23 14:00:00,CircuitBreaker,30.500440379621097,91.43076251516155,45.710584708573506,29.11727096953929,9.658619356016471,16.686495914987972,252.0736904268837,23.452999131158403,1,0.714627045168144,5.758365878956473,,1,320,0.649,Medium
EQ_0543,2024-01-23 15:00:00,Switch,8.996928892200032,86.52992763722526,18.257888515646368,54.80116754721787,4.389826465011117,10.908559004234261,96.69571743312248,24.67437185327959,0,1.202766728546282,2.4701900476884084,,4,328,0.491,Medium
EQ_0544,2024-01-23 16:00:00,CircuitBreaker,11.025079533204583,72.21994900083341,50.08510247594007,62.2551409405085,7.008914940112539,2.1342363820470855,277.34460236493663,29.435988981167426,0,1.2508695105190069,6.634492380827211,,1,337,0.527,Medium
EQ_0545,2024-01-23 17:00:00,Relay,10.183082782898534,71.25951378810437,16.97235948439299,40.598337319397544,2.034922007405666,5.200960805048678,184.77031950163658,31.460535169920664,1,0.9350452866834535,8.514764071146661,,4,21,0.527,Medium
EQ_0546,2024-01-23 18:00:00,Transformer,28.600193520657633,71.26259078527232,44.436816254957954,42.00791052472995,9.586617704920595,6.8192394728597705,399.1852921426307,13.115889946413002,0,0.454739182622691,9.376050300061586,41.35544225499775,0,485,0.315,Low
EQ_0547,2024-01-23 19:00:00,Relay,28.20398064832271,89.03446533134047,48.45514309641597,97.95514485107803,14.634028787349786,1.3055351513292779,337.6437629635159,23.450368208749296,1,0.9886460948409822,2.155149339532253,,5,107,0.853,High
EQ_0548,2024-01-23 20:00:00,Relay,26.855427826923947,96.49199483743618,51.47274278157788,55.13045286438804,0.5992195992914151,7.245869800004097,339.2366090601943,24.94047573955948,1,0.7160483006112368,1.4959138164294798,,4,327,0.826,High
EQ_0549,2024-01-23 21:00:00,Transformer,20.379947106875775,81.60172325181863,52.14222131576544,71.28688828657275,4.674793749819734,10.506365289014427,73.11935773775602,32.259342362542895,1,0.5720868577995527,5.3008061942182225,59.54061858303074,5,279,0.755,High
EQ_0550,2024-01-23 22:00:00,Switch,27.792840173369804,87.2047325915582,43.61289242116543,41.451458368953666,4.73502721746099,2.505024621924159,279.42849014613944,7.074522438062619,1,0.9166393865090157,8.827262963664705,,3,125,0.644,Medium
EQ_0551,2024-01-23 23:00:00,Cable,33.834132300399375,81.0220950507289,33.37214752852295,26.157534640641387,10.061475381645536,16.42518840745691,135.62926911164956,17.375123804100845,1,1.266317038309642,8.894084208960592,,3,37,0.633,Medium
EQ_0552,2024-01-24 00:00:00,Transformer,15.052219427662553,83.96654840169955,22.699726025433083,28.150301131164525,13.666807520879363,16.410150084642183,316.01221563111085,7.316690607954792,0,1.2734067494298733,4.942396683148454,58.83173178127228,3,212,0.455,Medium
EQ_0553,2024-01-24 01:00:00,Cable,23.847814469735916,70.64924403898311,45.265861974095955,66.59480615106366,2.798851453097513,3.764643995380912,114.48702805043598,7.539064463902218,1,0.9023077515889429,8.563133598296574,,1,174,0.616,Medium
EQ_0554,2024-01-24 02:00:00,Relay,8.507448205634269,69.42113470416693,37.91081106747783,85.55965483088418,4.901083358529504,6.992287976154444,258.7212741238716,13.403748006351968,0,0.08858213081264199,7.617056662914365,,2,441,0.306,Low
EQ_0555,2024-01-24 03:00:00,Switch,26.14384747530214,84.84192397261411,44.667365159672926,74.018467004963,3.0882298226748173,7.049620938867022,94.13854958751875,9.506139362282788,1,1.0304838322169818,8.727400962842484,,3,66,0.666,Medium
EQ_0556,2024-01-24 04:00:00,Switch,35.91924493197303,86.22206640893388,22.364052934438277,28.452027635914455,12.192764573051367,11.575129527199985,266.399757354802,27.09947639637715,0,1.0697519802120548,8.51012427570487,,2,123,0.334,Low
EQ_0557,2024-01-24 05:00:00,Cable,9.630203258336476,89.67809846564865,49.03411029288382,42.89080339666515,9.606709109898793,6.283241276739442,385.2898732688589,6.902436455758601,0,0.8906996235577849,2.498531923445636,,2,230,0.576,Medium
EQ_0558,2024-01-24 06:00:00,CircuitBreaker,28.654385950137602,73.1008182191412,24.415330475934304,59.54966488366065,13.722524249953171,4.234287442959417,100.48400739133623,26.492374460058826,0,0.7758983218841999,9.206066011435942,,0,25,0.253,Low
EQ_0559,2024-01-24 07:00:00,Switch,12.251822157635427,86.73190889766815,24.315165846072603,32.540834292131144,10.251441227359058,11.873692398174665,314.18961042681593,14.355489564046923,1,0.6995589017541755,4.6492450869737665,,4,214,0.613,Medium
EQ_0560,2024-01-24 08:00:00,CircuitBreaker,36.538594455028914,76.47521974544225,26.792689533870675,48.36385670628859,8.468911219354823,5.046454885274905,370.35147913274585,13.173510251389114,0,1.3489328107622822,1.9312755728192619,,2,478,0.527,Medium
EQ_0561,2024-01-24 09:00:00,Relay,27.04031836958992,94.30258003470907,21.749977535929183,97.4661568079404,6.7932504062326755,18.91430216882049,286.8870152705165,14.142845486585891,1,0.3230386611298043,3.7336154160258945,,1,390,0.507,Medium
EQ_0562,2024-01-24 10:00:00,CircuitBreaker,10.697504868617575,72.17217102395657,19.186417613859245,53.83548349932462,11.933675643863797,2.827671084326804,95.61215161031757,23.37258163696793,1,0.3359153238536961,1.8784903429809243,,4,239,0.592,Medium
EQ_0563,2024-01-24 11:00:00,Cable,12.838608767961752,94.7882104804265,47.85885011104763,48.32516498840753,9.837311509910892,10.745513473360761,286.99349221889736,24.432121116494503,1,0.9616643218369898,3.3949123168357773,,3,11,0.781,High
EQ_0564,2024-01-24 12:00:00,Transformer,9.131186202121725,81.21143667771315,50.63895538762815,65.55978068148607,12.48586562552862,19.832486859224563,107.26567144839669,24.677996256833524,1,1.0277256818650358,9.819599026224505,94.20804036740401,4,234,0.697,Medium
EQ_0565,2024-01-24 13:00:00,CircuitBreaker,27.913679739999754,75.06482896748363,46.94223352522396,28.562330736883048,11.71048956257443,18.20392248289393,183.99168816895235,23.027152964543173,0,0.6737069615403981,4.939885494893156,,4,180,0.527,Medium
EQ_0566,2024-01-24 14:00:00,Transformer,17.00075578413548,90.1017589930594,52.44706256666021,95.26006873875689,2.6217192731240075,17.49487299313132,308.1010044994928,12.82660981863781,0,0.1475626887361961,3.4119754019594017,90.17145302298391,2,253,0.478,Medium
EQ_0567,2024-01-24 15:00:00,Relay,26.362181571977395,88.91058516603829,25.286094044363836,77.55105244598562,0.42182259416885637,7.506426915460276,269.36367198981594,9.944607269615645,1,1.2433551829480554,3.1152816893072677,,2,274,0.681,Medium
EQ_0568,2024-01-24 16:00:00,Transformer,26.91615227173494,79.75071713468456,38.841743819105886,28.596044210312648,0.25369199882410987,18.191288547606025,144.37050306851398,28.131279075072396,0,1.4990579356846903,2.9028813219902005,54.58439076508456,3,68,0.614,Medium
EQ_0569,2024-01-24 17:00:00,Switch,27.222933841405304,95.99801040341802,51.63257392762976,60.23004160524679,11.92665423790087,2.714917061998021,392.1033644714043,32.03753731897164,1,0.2874069889247979,3.6948081232279595,,3,187,0.706,High
EQ_0570,2024-01-24 18:00:00,Transformer,10.904494927696241,75.87981036804722,47.63823157660826,50.26524857322076,1.3259545072013756,6.844510495578091,393.48416698444805,23.00145707199848,1,0.6534333722889287,2.49884662147543,94.23972385060321,0,291,0.697,Medium
EQ_0571,2024-01-24 19:00:00,Relay,31.804621268630733,76.16284177107666,17.80274782884758,24.530044590204643,1.8056722425830074,11.615371672288433,375.06719742192234,19.412072556161583,0,1.272270949561486,5.01297957873827,,2,283,0.406,Medium
EQ_0572,2024-01-24 20:00:00,Switch,28.54892282726693,89.22430938130853,21.958548236133545,48.89728471806494,9.55953234807036,1.4139321636873237,176.53906571703482,20.4395855895922,0,1.494525514914726,5.270802063601966,,3,258,0.474,Medium
EQ_0573,2024-01-24 21:00:00,Cable,31.665645956315384,80.52995126693192,46.855628904788354,67.63318412960868,13.298931622535974,8.218851047002198,261.5065469375176,23.01050437670834,1,0.6552052656106864,2.2988083931873335,,4,348,0.777,High
EQ_0574,2024-01-24 22:00:00,Relay,10.713222800457732,68.48347496738936,49.94137056980858,38.917992979095565,3.1726012392265206,14.72070800852131,162.00563958058711,19.663206695119587,0,0.28564104468131163,9.637711493157724,,1,499,0.338,Low
EQ_0575,2024-01-24 23:00:00,Transformer,32.695860600499884,93.0498990659851,31.270949942880208,80.98889709657382,2.1581423308467023,0.17238005183560556,56.99052640230984,21.838246909923132,1,0.7103226126095141,5.662138140176678,40.41047272294707,2,406,0.592,Medium
EQ_0576,2024-01-25 00:00:00,Switch,20.257911970065344,88.82397667482496,32.707748078697435,78.57753650497779,3.4952844659525217,16.26284008963451,255.9509341587083,11.690603684607467,1,0.3932446899880577,6.652274181125834,,1,101,0.518,Medium
EQ_0577,2024-01-25 01:00:00,Relay,32.06824820316086,80.0532056788455,25.33201716510369,89.36092855284804,10.039024376262523,8.96170974566153,220.76506834775563,11.514924634282703,1,0.9588638135940237,4.228682594885997,,4,20,0.661,Medium
EQ_0578,2024-01-25 02:00:00,Transformer,36.87371012355613,81.92532194259475,34.43542424758453,65.26814299285375,13.7513400467812,16.016361997195006,207.8955244292445,25.40488018126549,0,0.9000414732321044,5.43130343831124,50.57736750313928,1,365,0.419,Medium
EQ_0579,2024-01-25 03:00:00,Switch,21.45415164019184,75.12873902365466,51.593685994066185,46.83254507970776,14.283960218000583,10.661105801894223,271.0405325366561,20.65939200121185,1,0.23760189460171627,4.382390971071469,,4,233,0.705,High
EQ_0580,2024-01-25 04:00:00,CircuitBreaker,10.875237256051093,86.06566728131807,32.87496780801756,82.23879772567494,3.3070572149905475,3.2913211685866983,192.21628083731872,31.017805346896292,0,1.080111631767997,4.7703126231362685,,2,476,0.468,Medium
EQ_0581,2024-01-25 05:00:00,Relay,23.000892922875007,70.44217732413586,54.383035855044525,73.31258437559352,4.281061026951337,11.716167884304888,88.3188281241479,32.077590057804755,1,0.3034382324308806,6.832272862496928,,1,201,0.62,Medium
EQ_0582,2024-01-25 06:00:00,Relay,15.118179413628983,88.80928009680754,46.07285468961124,73.87357831291462,9.217491903827888,17.849381879040234,77.51934884641531,14.93469867606527,1,0.4100168454647266,9.892125658588794,,4,172,0.588,Medium
EQ_0583,2024-01-25 07:00:00,Relay,19.29230361033933,89.24576827797156,42.38900655524019,36.96649899819022,3.5849652031732697,5.625691271060682,193.89454739078272,12.326776772564223,1,0.07849464998292932,8.91453751126476,,5,288,0.563,Medium
EQ_0584,2024-01-25 08:00:00,Switch,36.00268511004564,77.90554122391546,28.540275177018913,20.567345021949677,10.20376032495561,16.508797914972575,101.31290512600111,10.31099143291307,1,1.1956207124585847,6.5466167351873015,,0,188,0.584,Medium
EQ_0585,2024-01-25 09:00:00,Switch,9.300956171203794,86.05386272340617,27.356708913750644,49.498012437667676,11.545971274453203,16.21870385345221,190.12481939394073,31.573129272171577,0,0.6393709410305047,7.946524317070989,,3,298,0.336,Low
EQ_0586,2024-01-25 10:00:00,Switch,22.032440672363514,94.02843746914044,51.310449746007144,26.99334462968671,14.047399969653386,16.510696830408314,326.9587500094334,11.424606171509106,0,1.217422852694264,8.65119461216533,,4,242,0.549,Medium
EQ_0587,2024-01-25 11:00:00,Switch,16.38535969917038,95.61554227250738,16.99440585596657,31.992740259771175,8.063717070772714,11.515849422446195,275.80252915531617,6.458166491517594,0,1.442531823202089,1.401292834607296,,5,26,0.557,Medium
EQ_0588,2024-01-25 12:00:00,Relay,12.148796628978669,68.40642100825565,37.67433733176379,94.58135071367778,9.989207491206963,16.453149369608546,54.64842121050303,20.634413058952603,1,0.7163663173830067,5.490711497987137,,1,268,0.611,Medium
EQ_0589,2024-01-25 13:00:00,Relay,10.09418237472045,87.84862547100991,35.12881659434538,81.21190798890112,7.2793595109257305,2.9876327245286416,276.88993392723773,10.654431776839488,1,1.3149721168644817,6.518046151623174,,1,420,0.657,Medium
EQ_0590,2024-01-25 14:00:00,CircuitBreaker,12.558912623151674,95.907803666955,35.73461853341283,25.831876149732402,9.402493566226008,5.0639781402562045,331.29270815705587,28.081195986287145,0,1.4694736659892598,5.516825779220533,,4,485,0.561,Medium
EQ_0591,2024-01-25 15:00:00,Transformer,21.193749512104375,89.85079255794794,20.298826253677063,63.75324110344994,8.193714001962764,1.7894624562077444,196.29442992741974,29.038689561314452,0,1.2914227518922574,1.8931389842771291,44.9896485511307,0,225,0.445,Medium
EQ_0592,2024-01-25 16:00:00,Switch,15.618168833056124,93.3682158140658,20.15610340293996,77.5997442101957,1.5174842941965483,12.462757074956507,174.6235546917007,27.30067700007841,1,0.38885115079677723,6.752816464509639,,1,211,0.447,Medium
EQ_0593,2024-01-25 17:00:00,CircuitBreaker,14.834793502700663,88.69614821025246,49.94712138242995,30.144143930140803,12.998935328932554,11.871505088285959,94.48867180345839,17.543630094712224,1,0.28324742555339194,7.303130999799126,,4,396,0.644,Medium
EQ_0594,2024-01-25 18:00:00,Relay,30.00717589812054,71.06809908791116,35.24559410778578,85.17000448207338,14.042445623264948,10.270357334835401,382.59772826399245,20.463602202312806,1,0.6215762171698666,8.633828156976058,,5,372,0.602,Medium
EQ_0595,2024-01-25 19:00:00,Transformer,22.296498603284583,81.68517280637117,34.612499576393134,87.74280014957964,12.479123125320783,8.070399848804223,166.65495095468376,19.282056649056493,0,0.8805201391188081,3.1450348956519725,83.66752965935748,4,106,0.523,Medium
EQ_0596,2024-01-25 20:00:00,Relay,22.108000206240263,77.68732090417883,19.272839718559624,39.10761283228855,14.239217576339755,6.101993736390532,109.10075127846235,18.438165374684814,1,0.49527722787236056,1.3164332524407474,,5,244,0.645,Medium
EQ_0597,2024-01-25 21:00:00,Relay,17.371211301103102,83.77915009424459,37.06849488079868,48.524713694151096,6.7095413437890095,19.31035836469533,182.07196703060907,12.97212395801954,1,0.40302721389680213,5.119881514337207,,2,489,0.594,Medium
EQ_0598,2024-01-25 22:00:00,CircuitBreaker,30.02608431279138,73.97365734146572,43.371845085630724,21.691985867953303,6.28399466975919,15.517301304055737,168.556534521051,21.220901739025784,1,0.3472198875975706,7.677958520135551,,4,175,0.609,Medium
EQ_0599,2024-01-25 23:00:00,Relay,9.51609399479403,92.72373670138951,22.927855456866727,89.95184253666646,5.28793861950776,14.453671489489732,161.72885422516595,30.459615123335485,1,0.23362383200164283,2.6066781034533886,,5,395,0.604,Medium
EQ_0600,2024-01-26 00:00:00,Switch,22.297873629605267,70.37621473210623,22.839207388070477,95.50131057696115,14.647344917218307,7.525186586608439,373.1501073548775,20.71026624318266,1,0.4411265755169622,7.321588489725388,,1,490,0.457,Medium
EQ_0601,2024-01-26 01:00:00,CircuitBreaker,27.10815239067086,96.68463425415327,25.60189149637133,73.76476021293882,0.7803563254417034,2.272920773934388,51.37143123288264,32.98543838861117,1,1.2132968608638428,8.080507132601866,,4,152,0.62,Medium
EQ_0602,2024-01-26 02:00:00,CircuitBreaker,22.782056183357213,76.70194540425776,21.050571378507037,42.773979107717096,5.639568328937087,15.126201939605881,238.88162611610335,8.092057916998034,1,0.07614206299042275,1.9209896158065685,,2,360,0.527,Medium
EQ_0603,2024-01-26 03:00:00,CircuitBreaker,19.904462697223998,95.06259459442153,40.496099248368864,84.14607199004121,6.995618917568228,7.233321663900856,87.94013045081795,29.650191599027533,1,1.185582042090459,2.513062878379526,,2,245,0.769,High
EQ_0604,2024-01-26 04:00:00,Switch,22.855556352411554,82.1338694297161,40.003662107461146,95.6949515193009,8.696571626437194,10.804345335572371,67.61302652713238,7.698501852486646,1,0.32165284742384387,1.2922369452257345,,2,62,0.675,Medium
EQ_0605,2024-01-26 05:00:00,Relay,29.55723397153036,88.97657881582492,20.442249377265718,86.88631206362247,2.3217905226916797,6.0235117399471765,137.14191470647773,16.05229166147229,1,0.4192624605404447,5.400558337946069,,3,419,0.519,Medium
EQ_0606,2024-01-26 06:00:00,Switch,19.81482855928588,96.61051523260048,17.237054005129025,31.37451011098813,0.7923884086290373,12.516823899647516,69.07824709480185,28.58387290915533,0,0.7923110144887954,5.743068621233803,,2,21,0.325,Low
EQ_0607,2024-01-26 07:00:00,Switch,24.28624072365363,72.95359748288011,22.9076121245795,45.50538582984038,8.902446237327771,4.202355518804291,90.71610449664144,32.19315593329767,0,0.08187363147395323,8.224276648024194,,2,473,0.211,Low
EQ_0608,2024-01-26 08:00:00,Cable,30.85301933767564,76.61920930150778,20.425064640292536,31.65029173643387,10.461474258557887,12.856131821723473,323.96098598798534,31.311991654775827,1,1.0532946767365583,2.402663828962991,,5,245,0.704,High
EQ_0609,2024-01-26 09:00:00,CircuitBreaker,15.05983588619691,92.42361819532033,23.372243033368342,25.801785356358515,10.549200810633756,8.050527109802841,372.01401839106626,23.55688691952886,0,0.18110751779790807,9.530709105282947,,4,138,0.241,Low
EQ_0610,2024-01-26 10:00:00,Relay,15.49816064556713,77.77916222178229,31.090416547341682,24.09794371234506,7.447731333459073,2.466369821505845,190.3396143409231,15.469164275786277,1,1.1706181209684299,8.22853460469458,,1,55,0.581,Medium
EQ_0611,2024-01-26 11:00:00,Relay,12.448973589283552,78.62998443399756,29.934126441273268,32.112835514886804,11.976802575767858,14.144566566708466,116.63362520396215,15.901491532032574,0,0.2034172860419456,6.6538593738373955,,1,25,0.277,Low
EQ_0612,2024-01-26 12:00:00,Relay,11.519785811909971,96.59209089012262,46.22728298751449,51.21908396671961,8.678458984190316,18.226836324328175,243.93474813853913,10.711459132744789,0,0.599119865592681,8.588303785267708,,5,119,0.46,Medium
EQ_0613,2024-01-26 13:00:00,Transformer,26.68217746369892,86.87100714568021,49.672859427539564,91.51784459700038,13.796888576691545,1.896983865063122,240.44410068708532,25.993757072894603,0,1.14754392543417,6.460445817730035,49.17330343510208,3,169,0.555,Medium
EQ_0614,2024-01-26 14:00:00,Cable,31.125196064308266,88.88322867193342,18.44543086196145,57.1047859739501,2.6096609928270538,6.749540914259438,56.3283822719899,16.80890644709047,0,0.8473215356765051,6.576243335443781,,5,394,0.382,Low
EQ_0615,2024-01-26 15:00:00,CircuitBreaker,27.241220008732594,92.25244807997134,23.618516291029202,29.638545795077434,12.773057578468885,3.1322562978529978,391.16602846766835,28.7485321937632,0,0.7762710785399188,9.832792824298227,,4,500,0.316,Low
EQ_0616,2024-01-26 16:00:00,CircuitBreaker,10.823925144132122,76.78890707407794,40.52897660162446,48.0005494778543,13.925588279711878,1.3125217635563513,242.29414122133758,21.95338921966809,1,0.996455779476975,3.30099600998633,,5,478,0.788,High
EQ_0617,2024-01-26 17:00:00,Cable,18.572426398076068,92.46673536028436,22.797710758806392,86.14942777386896,8.439831343541137,15.243750223881642,299.7625781922151,11.602810375391734,1,0.8747784678291157,8.809508375245832,,5,102,0.565,Medium
EQ_0618,2024-01-26 18:00:00,Switch,20.53137086725595,96.03113233647619,33.08860400406872,31.422850933430773,5.841520201165099,19.034048127810742,161.90229726894898,29.438650316410698,1,1.3278134884387403,4.151678718987649,,2,330,0.714,High
EQ_0619,2024-01-26 19:00:00,Transformer,10.414472083468333,89.01217936560573,27.46049196055944,82.63388914060579,6.639822723906496,9.70533484685243,322.2682923619879,16.323809938663953,0,0.6925346507182261,4.3857142189266,60.20372834025039,5,293,0.454,Medium
EQ_0620,2024-01-26 20:00:00,CircuitBreaker,23.25245073014232,91.45518389053336,29.470732476902633,61.940377643018934,10.060909881639013,5.388788926073101,147.1329817158374,31.20215442963328,0,1.0991251313300785,6.19468008600978,,1,213,0.403,Medium
EQ_0621,2024-01-26 21:00:00,CircuitBreaker,26.783881578197747,68.84968384999914,39.72411862246787,60.76070985793615,8.186245196691535,7.188476536616342,78.51586419952966,11.22015930752541,0,1.428579834158374,4.678296060438406,,3,403,0.574,Medium
EQ_0622,2024-01-26 22:00:00,Cable,21.53381151909506,69.52858390574973,16.502649181759224,77.37451576374062,8.07141996181667,10.174119684325333,135.09358564793405,26.1082697540079,0,0.2939430397073132,2.70941269294918,,5,492,0.375,Low
EQ_0623,2024-01-26 23:00:00,Switch,21.360652969099988,76.30211600124629,24.898519249325854,71.61901156426653,9.764576178278167,16.490341395998584,196.19799844054157,7.973297457706057,0,0.4468162581361136,9.820049168771352,,0,152,0.199,Low
EQ_0624,2024-01-27 00:00:00,Relay,25.29149868174836,88.58237545922958,15.29431318501658,61.45645857460167,0.5629298629770468,11.38460424182896,372.2697973726264,32.14731652351101,0,0.83380137931394,5.123843247269944,,2,145,0.332,Low
EQ_0625,2024-01-27 01:00:00,Cable,35.40549573320632,87.53468512790415,17.595971181536378,57.25804621339981,3.603675276964559,9.396086428973632,209.4129502022266,21.717909675998037,1,0.5673172110064143,2.4784340451033526,,1,435,0.542,Medium
EQ_0626,2024-01-27 02:00:00,Relay,22.607863603108733,92.07588364602711,41.56048912270409,47.06942927401727,14.032845341382858,18.24415142498364,123.27193978443457,7.0642747982498,1,1.1248976271086053,8.44849235214238,,2,98,0.648,Medium
EQ_0627,2024-01-27 03:00:00,Transformer,36.0680724125893,93.80525542856101,39.02139072825659,62.404187136990465,0.4176157689387944,4.933128936895557,210.86516310652425,22.96960530225633,1,0.8580151583116955,7.683723907135215,55.387181198787246,1,374,0.594,Medium
EQ_0628,2024-01-27 04:00:00,Cable,24.383625621921723,70.55612505833297,31.54662094332828,80.01286663636807,10.40101280143566,19.81285474344358,147.26189409571458,19.451111077697437,1,0.5278190999722953,4.965428026532573,,5,95,0.643,Medium
EQ_0629,2024-01-27 05:00:00,Transformer,32.851553766212255,87.84206318046611,50.29764765390327,36.280888666550915,13.10041676762157,1.1952454835676884,361.00974815300333,14.884992045439654,1,0.5061520684503964,5.608797190287976,91.73796032477775,2,290,0.67,Medium
EQ_0630,2024-01-27 06:00:00,CircuitBreaker,9.385659575760755,78.21469827705161,49.262879547333426,51.68435819483734,2.987353463956005,8.495883626628235,184.94337552208427,30.71623743960099,0,1.1548048448274908,5.546040001696057,,4,438,0.592,Medium
EQ_0631,2024-01-27 07:00:00,Cable,36.662746434925566,81.49304840700178,17.32951323281101,40.98194574519879,6.541057203289689,3.138052482922402,381.64779421341507,26.704920241079872,1,0.43901644062027034,6.317240801661242,,4,167,0.507,Medium
EQ_0632,2024-01-27 08:00:00,Transformer,28.922025556177587,95.29708893829714,50.26541396701643,61.2153780910571,11.619789296895263,11.2428950765517,243.44636151593903,9.098032875131182,1,0.23289960412342048,5.765802535202117,54.78738497384536,5,48,0.69,Medium
EQ_0633,2024-01-27 09:00:00,CircuitBreaker,8.610070171353591,88.96233691310616,16.299463867606597,67.62214728832436,8.087906911909716,19.37629381155609,219.47459877167458,7.717238782200528,0,0.8499475533193694,8.569865535544913,,3,165,0.291,Low
EQ_0634,2024-01-27 10:00:00,CircuitBreaker,36.90862924416176,80.47995203698311,27.8119496998697,92.53226375615992,2.8686319361418207,12.308578300658532,192.0000484633317,7.1092238537999926,0,0.5535682877432618,3.387056702524071,,2,196,0.398,Low
EQ_0635,2024-01-27 11:00:00,CircuitBreaker,27.89664346436112,95.51492443306563,25.72188749514551,84.91727513213453,0.8303972540761428,10.762420200796264,74.6925222984631,31.218890760527263,1,1.1612093568082158,6.921549200841331,,2,488,0.597,Medium
EQ_0636,2024-01-27 12:00:00,Switch,31.892995067115265,86.77807407153473,53.75777588697164,77.11663582918172,13.869879143733701,10.34263784021276,90.97254454365194,20.260798478421464,1,0.2339656006914853,6.332441312587646,,4,370,0.678,Medium
EQ_0637,2024-01-27 13:00:00,Relay,21.992298755302226,86.05468653715067,15.401879242193264,35.58723933242913,7.369956478681964,19.010071231782696,184.26316412430543,17.458044703448138,0,1.0863093290596022,6.434134815575062,,2,334,0.34,Low
EQ_0638,2024-01-27 14:00:00,Switch,16.668858352851665,79.9136754714554,23.707991954289298,97.28171673041669,1.9595157233603961,7.436735691328389,59.04364027700392,11.988046282205753,0,1.1816831506512246,2.810577090599915,,0,341,0.431,Medium
EQ_0639,2024-01-27 15:00:00,Transformer,10.321838673340002,81.75914221549118,15.398769389380739,26.781292354106654,12.114388043444627,15.429466897192128,370.2985871417136,29.07191676959024,1,1.0406045666977362,1.4709957157059654,83.05667398926616,2,81,0.633,Medium
EQ_0640,2024-01-27 16:00:00,Cable,32.51981351437625,91.17338222738668,35.33916141232105,38.63214709195853,12.6799496353309,14.543256194802769,393.2664110360981,10.203700139410188,1,0.3772136454254798,2.9061833489335243,,5,60,0.685,Medium
EQ_0641,2024-01-27 17:00:00,Switch,30.983653261018766,73.42031159705343,17.666393192932244,99.8848645268503,0.3722581716772372,16.70488120317731,177.87839454272847,28.723617413461014,1,0.8541997122561602,9.11468106537724,,4,113,0.508,Medium
EQ_0642,2024-01-27 18:00:00,CircuitBreaker,34.85959660602417,68.2638472571425,18.01648703971153,40.02869836566844,10.039731245452526,17.76544393023012,210.97968295288698,22.388274139405166,0,0.3233247865535636,8.244701504935168,,3,78,0.236,Low
EQ_0643,2024-01-27 19:00:00,Cable,36.05251522925062,75.78936905452332,34.79303806402186,26.889288840509906,8.387049846944526,10.055668836933611,100.55276945427715,17.935787754188027,1,0.5344517455255168,5.696477877746704,,3,359,0.607,Medium
EQ_0644,2024-01-27 20:00:00,Relay,24.983975727435176,68.24637177960908,45.44023931798222,77.04114334893927,5.494295793097833,1.0587187113763652,314.2263889247676,31.789729332909577,1,0.39821981423192054,3.911721523633341,,4,410,0.703,High
EQ_0645,2024-01-27 21:00:00,CircuitBreaker,13.330573794972633,84.73114757700034,21.193655785898198,48.495515476910356,10.455195209013944,11.202319660186967,185.26189751477733,17.34673924880363,0,0.8650607798036828,1.0527825509844517,,5,386,0.51,Medium
EQ_0646,2024-01-27 22:00:00,Relay,10.276786185154686,93.55648396512734,18.11515956365163,76.54428769684041,13.800572461635788,5.413672086034622,179.67200297083,21.36087795780734,0,1.3284780059759478,9.477150285343782,,4,228,0.366,Low
EQ_0647,2024-01-27 23:00:00,Relay,29.447334195226773,70.51197306478613,41.76616622139403,52.82429774981296,7.060514992365924,0.9829678069035408,116.87174877122537,27.34386740340849,1,0.7082403079193967,3.7149601746803396,,0,469,0.648,Medium
EQ_0648,2024-01-28 00:00:00,Relay,19.136553144983786,92.77758588644473,44.95996069619828,41.78523177448662,1.7625276031855996,5.039964432881434,372.26475786915677,21.702898621943394,0,0.8235463026799351,6.367542397232154,,0,424,0.428,Medium
EQ_0649,2024-01-28 01:00:00,Relay,18.614819706648944,91.40610358926587,35.93144997200999,29.33983222150364,1.9359768724359445,10.737182930052366,377.7995763247937,14.325507285257366,0,1.3108346948458665,7.876860279209914,,4,274,0.493,Medium
EQ_0650,2024-01-28 02:00:00,CircuitBreaker,15.186560844300299,69.05388170117104,19.07389060569531,78.27951470779522,2.9950460706097006,7.425418410107875,225.5947081022487,25.587640548154397,0,0.21418527372573182,4.6572976474971535,,2,437,0.279,Low
EQ_0651,2024-01-28 03:00:00,Relay,22.067114365138167,83.68398485517466,47.734425655808664,33.734255603457356,12.117471777399334,13.857568553933044,244.55478496963576,24.88725250086944,1,0.6474257214799017,2.245578273713121,,0,348,0.702,High
EQ_0652,2024-01-28 04:00:00,CircuitBreaker,27.30719196769565,83.21549689388304,40.57499202171102,47.0399024822792,13.602998660097539,11.74739737151154,79.89086950180584,18.144707749019574,1,1.1467162793782697,8.147211055590452,,0,460,0.611,Medium
EQ_0653,2024-01-28 05:00:00,Relay,22.343314530149,93.94767955410774,25.706737487771903,52.847895779061325,13.47895365853455,17.92513432943158,289.9994690886383,29.192474772299946,1,0.17872123708653737,8.784954785869987,,0,232,0.388,Low
EQ_0654,2024-01-28 06:00:00,CircuitBreaker,17.297977289956577,73.17161386041828,24.574793453681853,53.437480641110966,3.7678800690670085,6.41135172032998,97.24247012507473,13.996772670092959,1,0.8798115310859017,4.976683372819576,,3,288,0.612,Medium
EQ_0655,2024-01-28 07:00:00,Transformer,18.054844075841423,89.6471117368563,50.740398855732714,80.54313783219176,4.9800105317651875,14.888843356751075,103.19306386591792,9.518585678464856,1,0.5511592037024304,8.269321321396513,53.549153598326605,5,413,0.685,Medium
EQ_0656,2024-01-28 08:00:00,Switch,9.834348858061707,71.8195765209843,49.34979874118321,70.70266277978301,3.79801745054965,11.105916506563627,234.65286784887263,23.696771417897853,0,0.38812195391134363,8.779626884749579,,3,130,0.405,Medium
EQ_0657,2024-01-28 09:00:00,Transformer,16.971688300320373,88.12981796531088,15.644985854888596,49.81257039153178,5.275647269382125,10.86968857166029,75.45769162201877,27.333547090604924,0,0.36578216256297436,7.093340333938092,84.17666677842513,4,37,0.272,Low
EQ_0658,2024-01-28 10:00:00,Transformer,24.29443173100388,89.48561299493758,41.47441248860022,48.44238377216061,12.13287808550348,5.894027397710559,249.924521213031,26.125738956821568,1,0.5994860692281361,3.7249084685568254,65.26403055950524,2,358,0.672,Medium
EQ_0659,2024-01-28 11:00:00,Transformer,31.720941336125456,94.96773113122428,36.80333651439561,72.91729642589215,13.549104333583713,1.9709370282588479,131.22750225315775,25.140300168792727,0,1.2444294697728344,8.713261254975201,62.83089472702129,0,478,0.392,Low
EQ_0660,2024-01-28 12:00:00,Cable,10.590857166464138,80.69566284168897,24.229383608282152,43.29571639972993,11.584013352562588,1.5105417205177374,339.65342611824576,17.547065317252567,0,0.9142927000958628,1.8068700811211111,,2,209,0.458,Medium
EQ_0661,2024-01-28 13:00:00,CircuitBreaker,17.78341327236111,70.60132665143053,53.461748915244385,84.58093194610004,6.894491315346904,4.472050966473422,376.70928683744825,15.304108084628238,0,0.2834274259466934,6.068479496085594,,5,500,0.508,Medium
EQ_0662,2024-01-28 14:00:00,Cable,35.36944948999967,68.11107842450936,24.52499373015995,95.0758112328326,2.5662895028574306,2.264869032796397,249.56552552993156,29.269783228960407,1,0.741809235656193,9.951078310160723,,3,229,0.494,Medium
EQ_0663,2024-01-28 15:00:00,Cable,27.69597928660179,70.14817230910299,54.71328526727901,52.63153894241523,4.311038007682238,11.157583671557711,156.5076571373025,8.334352692244114,1,0.052071097464806246,5.046250176282361,,0,349,0.604,Medium
EQ_0664,2024-01-28 16:00:00,Relay,32.269039244571175,84.59714038327222,54.968291957737634,42.947731651775996,4.20682597140083,3.194989204678884,107.42225589286731,13.700038092271292,0,1.1996180656466144,9.15181111572803,,5,440,0.577,Medium
EQ_0665,2024-01-28 17:00:00,Switch,36.27752792152276,74.73639996879713,50.25190182456367,46.26040714218696,1.6926081677532663,17.400498510403313,272.63697212526654,10.447734194188666,0,0.6732553233938537,3.585319253893609,,1,275,0.512,Medium
EQ_0666,2024-01-28 18:00:00,Cable,29.36704249259571,81.14907068810378,54.5711978042554,24.37959858076761,5.3252289920437,9.638003342199548,226.09674416191191,14.530267204412192,0,1.1073983611914737,8.872723661400773,,5,114,0.568,Medium
EQ_0667,2024-01-28 19:00:00,Transformer,35.22285975735802,91.34770792718626,49.023207892263976,64.04362404959964,12.38832339640222,6.070078182959044,189.46756673822503,14.556651373100696,0,0.7277116363994919,3.5702165461477273,92.88862932399458,2,237,0.533,Medium
EQ_0668,2024-01-28 20:00:00,Relay,17.072494212164376,70.84329160521726,36.072686642016535,24.56792627561411,1.6581474946287078,4.387787783924926,212.5225874587496,17.697775172343754,1,1.2095531999040472,7.6552718849570205,,4,194,0.685,Medium
EQ_0669,2024-01-28 21:00:00,CircuitBreaker,20.363230525730337,77.67742201969327,27.658751362459945,81.91960698352072,0.7810860933190461,0.2564329902121165,328.44053717432683,18.88295215170433,0,0.23977765090268516,3.120093411350511,,3,177,0.38,Low
EQ_0670,2024-01-28 22:00:00,CircuitBreaker,35.042614639824095,92.92558629312204,43.391402008958906,58.57801842698613,7.804854392870785,19.504890705679173,388.0196553595005,11.812264236217526,1,1.2261016211427114,2.775183995503151,,1,479,0.765,High
EQ_0671,2024-01-28 23:00:00,Transformer,14.192586858634591,87.60669799077273,31.200043943501935,94.52355256852161,1.3351460234401324,10.230512816189862,371.4825356550924,30.41106883294664,0,0.27696735945282475,4.299739300868108,74.05167700256828,5,214,0.421,Medium
EQ_0672,2024-01-29 00:00:00,Relay,12.622451658370663,96.07264298932643,51.58997314910641,33.35601432275753,1.8173319189147814,1.708169656165306,368.3052824128209,11.227842864477442,0,0.6536131463893143,5.039662290868027,,1,105,0.488,Medium
EQ_0673,2024-01-29 01:00:00,Transformer,25.37132028219346,70.08032496867533,24.070344696020637,94.51923095351408,13.626151609028543,15.625812948113843,56.790435966375405,14.829182749394757,0,0.9605401662472163,3.476711905961281,90.02726822795776,4,17,0.47,Medium
EQ_0674,2024-01-29 02:00:00,Cable,26.382794393140813,70.08529480217692,51.36022355342812,96.6213326540978,1.1656862758758824,10.647204697226298,156.17749877495964,16.606655064997867,0,0.3104942660352457,6.202648918111713,,1,379,0.417,Medium
EQ_0675,2024-01-29 03:00:00,Transformer,35.78140124421783,82.58910540787666,18.316583255779246,69.60010667819267,5.103344916768855,17.118503791825958,202.13735191076458,11.206669441440631,1,0.32710315290216013,7.918877626490444,54.6073179069048,3,119,0.445,Medium
EQ_0676,2024-01-29 04:00:00,Relay,30.249768430617465,73.97073201223138,27.867454748052374,57.23895779517595,14.14793774540176,18.63462849507649,122.40515639780072,15.671914113562966,0,0.26662911325796984,5.5898657138214745,,0,71,0.276,Low
EQ_0677,2024-01-29 05:00:00,Relay,21.35689397014533,94.12204471107124,52.200215111642905,50.68539128058337,7.376069145284841,17.924724982922662,332.3477327107715,6.098720406305531,1,0.5140863680661947,4.795968177425133,,1,417,0.677,Medium
EQ_0678,2024-01-29 06:00:00,Relay,14.66177222681372,73.78757686098223,16.511380263827185,71.46957800558084,3.9376543572474847,1.0469435686262618,130.8427586848223,27.651676726575417,1,1.2846593133874926,5.347596206739724,,4,306,0.634,Medium
EQ_0679,2024-01-29 07:00:00,Switch,20.0660494418519,96.35775711155168,23.022586383522796,37.22874262836868,4.378007655545996,3.4551463656217463,182.7779593714653,30.59252412872335,0,0.9422543689114328,4.707518937510373,,2,448,0.397,Low
EQ_0680,2024-01-29 08:00:00,CircuitBreaker,35.097913042565224,69.40546274179884,23.411047116074457,65.27108840814071,9.233289347897687,0.7911501312522629,191.06356526749627,23.527157050433562,0,1.0622022922849323,6.743259122646424,,3,153,0.394,Low
EQ_0681,2024-01-29 09:00:00,Switch,17.296333506466812,70.71208358433938,32.08449785677337,30.300354989444436,14.214354877810006,9.503417320452565,161.04071102490366,26.690209920210304,0,0.7720254592442827,3.7903062161120507,,4,485,0.482,Medium
EQ_0682,2024-01-29 10:00:00,Relay,31.547064529333248,93.14741237903255,41.92032665154708,23.757153792613384,8.494843202497982,15.265898239945631,97.77605422925376,12.174110287384291,0,1.329617902348798,1.1810954966776663,,5,347,0.682,Medium
EQ_0683,2024-01-29 11:00:00,Cable,29.829086996953304,81.73942548291826,32.870886353584275,20.567722599590972,12.290973464497391,7.196498012731329,239.26797095519,24.287118531062806,1,1.068812885834978,9.60382052943465,,0,497,0.53,Medium
EQ_0684,2024-01-29 12:00:00,Switch,23.408858643861663,79.5918669782584,53.148145059668316,71.36881880204169,4.472255344148334,2.529284908071423,344.89407551281346,15.778903275442092,1,1.007681095978425,5.237347774293083,,4,163,0.8,High
EQ_0685,2024-01-29 13:00:00,Cable,13.768963614056112,85.44891164999349,17.427322758027294,53.06739678969538,8.199224094955065,8.72093948237158,312.0352613378468,28.353973772723435,1,1.1683024573481082,1.349316530306219,,1,153,0.644,Medium
EQ_0686,2024-01-29 14:00:00,Cable,13.629734342933194,83.56161776864946,52.39288161775205,86.79654200416935,12.638017625277024,6.064163875193498,200.3067639775459,18.70906057753031,0,0.2781887958573701,1.279613172200107,,4,242,0.577,Medium
EQ_0687,2024-01-29 15:00:00,CircuitBreaker,35.46018408435499,74.9806649842417,24.59795614894525,26.670324301500763,13.927616279156679,11.59474229879544,283.46289999387386,30.612575956102418,0,0.5511492449061448,6.593565800242757,,2,439,0.316,Low
EQ_0688,2024-01-29 16:00:00,CircuitBreaker,9.125184187137737,73.41640331870275,48.2498322035977,81.34146850706685,5.259640371857203,7.53621255548425,236.7440517437528,6.006507126498633,1,0.3998042872551404,2.87408627747393,,0,287,0.659,Medium
EQ_0689,2024-01-29 17:00:00,Cable,15.26400545574314,91.37126943346979,26.18695426185773,35.32170576401185,7.563951911895473,17.31290072745464,134.47239634312496,8.120478555405565,1,0.5667868669820139,7.7288664210848,,4,271,0.544,Medium
EQ_0690,2024-01-29 18:00:00,CircuitBreaker,23.970025796149045,91.68700771765607,53.38368590436936,83.41299814012936,9.0570461826563,9.86683176104761,64.02418022189333,32.576693427979116,1,0.6060476277338117,2.3700539252518014,,1,130,0.745,High
EQ_0691,2024-01-29 19:00:00,CircuitBreaker,27.334556806497247,76.24436038376832,38.43113083724191,66.9414326275673,6.685947313543037,16.72237231090085,142.73847154440506,18.113079973678822,1,0.8296535864569087,6.9726224869056965,,5,40,0.681,Medium
EQ_0692,2024-01-29 20:00:00,Cable,30.735183664662095,79.44941120346942,40.84187776386384,32.04887624548153,13.98972150813718,7.66117612842007,305.3324976917535,6.5492092108187965,1,0.34752135721197014,5.383742898912202,,0,274,0.561,Medium
EQ_0693,2024-01-29 21:00:00,CircuitBreaker,33.46932156423805,83.29039934856964,52.19481929175516,58.70375172662371,7.356736451039249,2.3949357700106377,330.92968545327693,12.668066136610687,0,1.3544381095898568,9.197417982973565,,2,193,0.521,Medium
EQ_0694,2024-01-29 22:00:00,Relay,35.355993244350344,83.0866841839896,42.08375139134577,82.28127040493308,1.965219279756984,12.019143899949945,62.00426545615909,19.434284251495598,0,0.2745218883493297,2.6463063336587624,,0,96,0.413,Medium
EQ_0695,2024-01-29 23:00:00,Relay,18.586379434085444,80.54067783477859,39.92689698128749,25.95427347508125,7.55537641856167,3.6525026050620224,250.89131126110965,23.209924531051954,0,0.8572284220016381,7.644659594304769,,3,106,0.439,Medium
EQ_0696,2024-01-30 00:00:00,Switch,17.732668082986137,90.18809115736079,32.31068326832775,58.734759865807746,9.721531908916072,0.3671676799844792,278.8979774970869,22.701799024947114,1,0.49927831929225586,1.7721485640954053,,0,108,0.607,Medium
EQ_0697,2024-01-30 01:00:00,CircuitBreaker,10.637128047478193,94.77348866257162,42.57117284903349,30.16820910165923,5.3508475396335955,11.849659878031929,342.45009678172704,7.17884507525123,0,0.39311804063151284,9.00774091265842,,5,386,0.404,Medium
EQ_0698,2024-01-30 02:00:00,Cable,8.265800955330677,73.84057398102273,53.36096703891864,69.07214772177369,3.925070499562597,1.3398218879169521,59.86696915652776,12.608117150197035,0,1.3281544384039201,4.743222888677585,,5,309,0.673,Medium
EQ_0699,2024-01-30 03:00:00,CircuitBreaker,28.889667705813796,94.63026602601877,31.321618464112664,35.30218968299177,7.756768962853792,18.161673741197088,331.5310449481952,7.777405770805152,1,1.0542305601124937,6.147077702130584,,1,282,0.608,Medium
EQ_0700,2024-01-30 04:00:00,Switch,34.316432114046336,71.55196108865862,36.36144452818627,90.35701548095139,6.150356801126145,9.63989835465734,74.6612371834354,13.509878292120593,1,0.5205346412949736,9.506102038703983,,3,238,0.538,Medium
EQ_0701,2024-01-30 05:00:00,Relay,16.197353455693612,81.3651933228199,41.85217694257119,32.974669792630195,7.296635807128117,14.770780789518152,353.3993245594731,22.909000415885522,1,1.0201275972095745,2.1365512532611204,,2,133,0.762,High
EQ_0702,2024-01-30 06:00:00,Switch,35.42751842014407,71.84464824704999,45.98691748727193,41.185305742265506,14.003897155518773,14.39919078738959,313.83479954242915,11.91459767261685,1,0.6924079661209832,6.560318751303578,,3,50,0.672,Medium
EQ_0703,2024-01-30 07:00:00,Cable,30.329234927991426,71.0148219014593,53.49461265818113,91.21765364436447,4.055228857433765,16.45520486064664,231.4133730639382,18.468775002174503,1,0.5059294534265378,6.228717279684332,,1,189,0.655,Medium
EQ_0704,2024-01-30 08:00:00,Switch,29.166784413404336,79.91705424391999,40.16876772033169,75.9450336924243,10.666827255229288,1.039321962623605,350.91173198977344,18.372839498656294,1,0.4305033184595109,3.1758805673171344,,0,288,0.613,Medium
EQ_0705,2024-01-30 09:00:00,CircuitBreaker,22.00740927247456,93.71811464459981,30.133903267305875,79.97805974268346,1.452280964808279,9.521134043021235,397.09014913745744,26.8018206753931,0,0.35526630823888883,5.5129732632811965,,0,133,0.301,Low
EQ_0706,2024-01-30 10:00:00,Relay,14.775118145808431,79.87726689061277,46.203360949398586,81.6979852232323,3.4215056685357768,18.444466363097202,257.3988639676894,16.257955855974394,1,0.777806592132248,6.445641280939693,,2,78,0.667,Medium
EQ_0707,2024-01-30 11:00:00,CircuitBreaker,24.236825423527776,82.10574603054917,35.197312163576,34.112952834230896,12.19099356457019,10.835206398820308,95.87795159664608,26.686241742735003,1,1.4020437686471587,9.52576209313266,,1,194,0.608,Medium
EQ_0708,2024-01-30 12:00:00,Relay,18.70151423992401,71.92998933326187,35.73598506532261,29.008738347937655,14.00981127768926,3.67159254710292,138.4680509829074,16.979186225894203,0,0.6055884794107325,8.151966031581,,3,281,0.373,Low
EQ_0709,2024-01-30 13:00:00,Switch,21.23318779597791,72.95227954009677,25.688395819442963,60.72907081500176,2.2118087613920236,12.233113512920282,248.01155729290107,25.29696254232096,1,1.4096716923000832,9.210291049910401,,3,494,0.604,Medium
EQ_0710,2024-01-30 14:00:00,Cable,35.43619292399611,75.09675231368733,20.262612265574184,44.18213603971588,13.426277591494719,19.441069492469765,350.76373287466663,8.970478470443677,1,1.4237705971867,4.810222246157074,,1,375,0.624,Medium
EQ_0711,2024-01-30 15:00:00,Switch,8.269998432108256,80.82941848169762,16.842766787018704,63.5102336928894,5.07831041155577,9.468698671880976,264.609626260091,29.457629587081147,0,1.0097572858842965,4.906439816303626,,1,368,0.348,Low
EQ_0712,2024-01-30 16:00:00,Relay,31.763407756440586,94.26188198962083,19.790398657287888,62.554638204223316,4.267679396136662,0.941223957538948,283.99134328989487,29.294810991399093,1,0.2862088489922214,8.311722918615104,,1,469,0.4,Low
EQ_0713,2024-01-30 17:00:00,Relay,32.74847627257131,94.51587283732802,25.611403563442096,92.31624521519115,4.809941321046484,11.046760269110056,67.67761479129874,7.184789385956077,0,1.0945411584616942,5.000319801800119,,4,17,0.466,Medium
EQ_0714,2024-01-30 18:00:00,Transformer,15.432478885707308,73.5219913847224,41.798139634368724,20.03212352202719,12.088367537952813,1.5849921225985764,117.0213652178418,16.42838267307542,0,0.7530451725883502,4.194956042325476,57.63916907413616,0,211,0.444,Medium
EQ_0715,2024-01-30 19:00:00,CircuitBreaker,35.95356435012246,86.60581075605843,15.937318214695528,54.41407267554506,13.125130496159553,6.029123728213359,83.09472067103587,26.476388832927782,0,0.9287200563073179,6.132812570438535,,0,362,0.288,Low
EQ_0716,2024-01-30 20:00:00,CircuitBreaker,9.55372022861483,72.07447128407,39.90197584852455,36.625907316706865,7.561051196226365,10.89763372058787,149.22751659482878,31.607479199620307,0,1.271572954911584,7.501361568695186,,1,258,0.457,Medium
EQ_0717,2024-01-30 21:00:00,Cable,10.261822125872865,71.07777055996156,34.711253834598224,32.857067935278856,14.67398195294211,3.170404680548189,220.6137424123909,15.831268534720646,1,0.977110311108442,2.161327680004824,,0,316,0.676,Medium
EQ_0718,2024-01-30 22:00:00,Relay,20.479176413229336,75.96644595140717,50.51006098686752,23.246856970775607,13.70591241009689,16.65988277106001,154.1497507542854,27.310847676281828,1,0.09525966249118396,9.701789952640542,,5,249,0.594,Medium
EQ_0719,2024-01-30 23:00:00,Transformer,23.271253335103893,76.79514975589791,29.50332850378708,25.31242827683979,14.840242710630587,0.7858389030138491,279.2174931017507,17.953870048074375,0,1.4259285163736368,3.2139976627611566,69.26477531659063,4,282,0.567,Medium
EQ_0720,2024-01-31 00:00:00,Cable,21.988330048899837,88.38312687745294,17.72040927809682,35.50313040186839,3.2184723013927474,14.763015096833794,116.19854371435903,21.48427762505637,0,0.3621035397263828,8.754624550755807,,0,271,0.17,Low
EQ_0721,2024-01-31 01:00:00,Switch,35.32337818019951,83.03629627332498,29.09235536836713,38.72462200139993,0.7467150228456565,5.370001523949908,278.9825229808613,20.407657145348693,1,1.4188598535073447,4.5664953624253055,,0,257,0.657,Medium
EQ_0722,2024-01-31 02:00:00,Cable,28.122036927523443,82.19035967677851,35.503048636968465,41.4219451683294,6.824261652629995,9.415699940254145,297.3248826121269,31.397279978025075,0,0.5275158523496312,1.379804217231686,,0,470,0.436,Medium
EQ_0723,2024-01-31 03:00:00,Transformer,22.39255863951855,83.78937863232589,21.73762204527661,80.83716850208533,14.773936626622374,18.915494340169218,118.98711358827826,29.63480747732054,0,1.0715157727969429,5.084619074262204,69.7336046878601,1,98,0.38,Low
EQ_0724,2024-01-31 04:00:00,Relay,32.63840507449129,81.92391324951282,29.928294764205074,59.45979944207886,8.686947060525737,3.781553075566977,365.31770559344676,24.203047618399573,1,0.9682399301393589,1.8954660356257431,,2,136,0.694,Medium
EQ_0725,2024-01-31 05:00:00,Cable,25.52104420700516,71.50785920491627,18.147907007815963,62.18487165139146,6.041783010697425,11.776205403124465,81.2277588200335,17.636542696875978,0,0.30344073681547906,9.883900773317048,,2,491,0.182,Low
EQ_0726,2024-01-31 06:00:00,Cable,24.273356160620057,87.93566896728515,28.016731227304312,27.579113182347534,14.638062941753049,5.7251807076636645,198.33286481075098,23.546325885969527,1,0.08581108164486137,8.292332174655582,,4,124,0.478,Medium
EQ_0727,2024-01-31 07:00:00,CircuitBreaker,23.56076751082999,76.06829842499585,17.46431941169877,32.99987323795531,13.425507882801554,13.72048447871782,137.46560257291145,7.7712206535157975,1,1.0513922029606226,6.151669533709886,,5,423,0.612,Medium
EQ_0728,2024-01-31 08:00:00,Transformer,19.731066209288816,78.54473202651185,23.67257103716433,73.56890052300142,14.560020416908058,3.514304916736517,258.99081700542615,17.452996505141357,0,0.6976986465297641,3.2873255211503296,85.38241816137804,0,207,0.356,Low
EQ_0729,2024-01-31 09:00:00,Cable,22.072412520269992,83.75876971374966,27.19043651189303,34.54467725335598,1.2886558230423073,14.282382818498318,118.68199859074947,24.632034563097537,1,0.6160458467680832,4.741973208906863,,4,243,0.616,Medium
EQ_0730,2024-01-31 10:00:00,Transformer,21.60614738669038,78.66354673569876,19.024799088903602,44.77054480022766,9.956015410409076,13.31568802937742,150.17850753399802,18.422770917057576,0,0.3304984806173093,2.893348733768522,41.26758986236341,5,87,0.39,Low
EQ_0731,2024-01-31 11:00:00,Transformer,34.00564994732459,74.11049328717228,24.101355077458532,42.368114611610544,1.911121075431435,12.785257663627256,76.3000336121553,9.623465510811457,1,0.9848972535556346,4.0569455843329845,78.9371304685654,3,330,0.642,Medium
EQ_0732,2024-01-31 12:00:00,Switch,24.165317595434118,75.42461401878388,41.03311801957312,29.301894423430454,8.046155746200457,8.742962100900693,143.75575398610425,22.308134938966504,0,1.3134337088934096,9.99014229786769,,4,470,0.479,Medium
EQ_0733,2024-01-31 13:00:00,Transformer,25.62512029355931,79.73647035554593,24.008284008648065,40.567687151608936,7.191824672246485,7.3455540256141845,369.8350829187305,15.943977626704157,0,0.5914946571608815,4.451810611905793,86.01411157022119,1,461,0.341,Low
EQ_0734,2024-01-31 14:00:00,Relay,26.872861304560153,85.81089665924789,28.365720895354485,85.43233414659515,0.575457920335517,17.415943446762263,229.46246492787535,16.752756341312146,1,0.7708925570406443,7.00673977480448,,2,23,0.557,Medium
EQ_0735,2024-01-31 15:00:00,Transformer,8.370197369019024,93.27500383728918,32.86958101245571,47.437321576006255,2.0736834845108563,8.789307487168843,223.7129699495326,16.898460751323903,1,1.0340571360490007,4.788068758833035,92.87796678156153,4,288,0.701,High
EQ_0736,2024-01-31 16:00:00,Transformer,25.379048016884163,91.41686013390536,19.374236124379152,51.78330343567246,5.052715521707291,11.389647762731837,351.38973202149896,8.11513187957418,0,0.15523345716483064,8.65285937341839,51.70675473210966,2,8,0.193,Low
EQ_0737,2024-01-31 17:00:00,CircuitBreaker,27.393844379044598,83.74346583846335,48.315743795489176,30.00711278691228,1.9467444858391691,11.13636720556615,381.2325286754298,17.204939476010367,0,0.5240660453693077,6.460203908780972,,5,420,0.504,Medium
EQ_0738,2024-01-31 18:00:00,Cable,34.9830094158059,92.27090715249409,54.819344429328794,21.80548665619017,1.6928721706914334,12.18935526733244,337.2017537668474,13.701597242282697,0,0.39685607764961717,8.08278219443081,,2,83,0.43,Medium
EQ_0739,2024-01-31 19:00:00,Relay,9.635073761743715,78.71209677989496,35.232368903693185,64.82789394802587,10.929227351891653,7.096914468613164,264.43952063611255,21.805136415355822,0,0.8440433459479333,6.76434963827991,,4,427,0.449,Medium
EQ_0740,2024-01-31 20:00:00,Cable,15.524025960974214,70.45481385395424,19.770866881589736,37.96659061231209,7.502969032841778,16.808855010920404,295.4526697309344,27.304096313455272,1,0.5589146546928325,4.641883674836952,,3,386,0.55,Medium
EQ_0741,2024-01-31 21:00:00,CircuitBreaker,19.416774693727774,73.56432234773054,17.44866632574288,67.27328742617814,14.838250251308791,3.3365940990052567,66.33968696474582,27.04735540924619,0,0.4162497096928501,8.466794248176356,,4,381,0.261,Low
EQ_0742,2024-01-31 22:00:00,Switch,28.414163344000947,95.42453257447333,31.357089430266882,72.95758715605074,6.97282171219906,12.61177394617087,207.35961710270806,11.09307065345002,0,0.7864512532049023,5.757257812936981,,0,223,0.361,Low
EQ_0743,2024-01-31 23:00:00,CircuitBreaker,31.50751159954467,89.33010046801385,41.55166495765776,29.0709676442058,10.809244359955725,10.006103127090295,362.93483763715574,30.836515221524653,0,0.1299770563725889,8.38577404319031,,2,309,0.316,Low
EQ_0744,2024-02-01 00:00:00,Relay,9.093224322257448,78.64791914515565,36.69199902484316,31.848063890170195,11.194707188536151,0.16709408344277143,109.00966695191289,21.681514406043846,1,1.085861964954074,9.249787924245245,,2,15,0.6,Medium
EQ_0745,2024-02-01 01:00:00,Switch,28.459402906104092,87.48159883739112,30.773645854026572,20.102754042144113,1.8023888810343291,10.691090895120784,286.29546004554686,17.271103665204485,1,1.109484566716166,5.696760657989609,,3,116,0.662,Medium
EQ_0746,2024-02-01 02:00:00,Switch,10.151109672235055,73.56847127807052,48.599928929757716,77.99301972995517,13.421429805187424,2.3511449824187314,396.57788711527587,11.653981276648206,1,0.06708082061563092,9.976806451481988,,3,95,0.534,Medium
EQ_0747,2024-02-01 03:00:00,Relay,16.151142677908283,87.37256412286423,22.067292567052206,66.41828257593133,13.560524796818388,6.403623348568772,284.5888916155257,11.073396897557245,1,0.9559533281421516,4.028053166357592,,0,395,0.567,Medium
EQ_0748,2024-02-01 04:00:00,Relay,14.125039499050597,77.08227947040542,22.153642740311973,92.15328862703062,5.957803294756933,4.905586099487347,206.9427443555765,14.65447650377538,1,1.1294079180293226,9.740979206969449,,1,365,0.497,Medium
EQ_0749,2024-02-01 05:00:00,Transformer,20.702976044231757,92.96996859919497,37.63452294238478,32.57885320753868,10.359341131220123,10.268689942516403,277.7122831382362,30.021560139434953,0,0.6886301274512668,9.1105986089562,81.28679578549102,2,78,0.355,Low
EQ_0750,2024-02-01 06:00:00,Cable,22.16954285046156,85.49344193408095,28.023245300760458,98.68778397910194,10.01026744575594,0.8769370499325979,164.31766701180305,22.829489711494553,0,0.1316832528088977,1.214957721872285,,5,199,0.446,Medium
EQ_0751,2024-02-01 07:00:00,Switch,21.050702946306274,77.64801521108743,32.531944321326634,41.015464790400415,2.470766204144714,13.782867139606754,230.09989069373017,11.404163703732905,1,0.5134046680769976,6.326271168969933,,0,46,0.519,Medium
EQ_0752,2024-02-01 08:00:00,Transformer,10.094651099901856,72.27613726871921,17.929824164295603,84.9853866171295,11.286138498180138,15.066258637585141,300.71387021660985,24.07340643908647,1,0.7416382772983537,6.780503471564034,42.109885513338604,3,184,0.521,Medium
EQ_0753,2024-02-01 09:00:00,Switch,26.022468257046754,90.55845346056944,35.01433441537561,48.601066274178955,4.161401022014687,12.85604100324165,292.48041952046805,29.516125196288648,0,0.5463844195684365,7.9279507664702695,,1,44,0.325,Low
EQ_0754,2024-02-01 10:00:00,CircuitBreaker,24.2793189014908,93.6022582296643,36.11248433182483,61.41038627183738,8.668156221613636,14.986307102848688,387.64166758996134,7.986210563825672,1,0.12748017346697488,9.437953036666046,,3,285,0.485,Medium
EQ_0755,2024-02-01 11:00:00,Relay,23.366393140027977,85.83218742244114,34.296944063789155,27.49259620859796,11.521340676279998,14.944492901771739,159.09616252248418,14.26845962116681,1,1.264870002313002,1.6512153196719397,,0,13,0.723,High
EQ_0756,2024-02-01 12:00:00,Transformer,33.55204930234041,75.44318900698151,38.71938991021976,94.87953432014221,10.171837523049696,8.288596249340731,291.3369731168953,15.287450180541995,1,0.45202470370631986,9.970149501412116,81.29346271488832,4,47,0.552,Medium
EQ_0757,2024-02-01 13:00:00,Relay,26.696879344072713,78.30339965336024,16.966433166201927,22.484550082812447,8.312718831731981,15.240654420781022,238.0827166553493,28.70119694235609,1,0.09846847298517136,4.300768687833461,,3,6,0.48,Medium
EQ_0758,2024-02-01 14:00:00,Switch,14.875041344051164,80.97091607655653,17.8950557277649,96.3305313256858,3.348831016040414,18.446155509671694,199.06260426283862,32.609151597890886,1,0.8533846560173056,9.377495777582267,,3,398,0.484,Medium
EQ_0759,2024-02-01 15:00:00,Transformer,8.155120672132462,89.6989253792461,51.122026124100614,31.177645358316326,1.4418877759822724,8.491452143719112,376.7876171465273,20.644437125141845,0,0.8148118723965116,2.2701350646938967,40.04342311012703,4,266,0.622,Medium
EQ_0760,2024-02-01 16:00:00,CircuitBreaker,31.494062631618377,70.5396623266009,40.35399274941296,93.16931636121532,3.129778697376465,13.305456724738216,77.54450184762831,22.30138888361555,1,0.287700995382144,7.623582044636602,,1,71,0.526,Medium
EQ_0761,2024-02-01 17:00:00,Switch,16.73570754902334,81.43833925533474,38.977221681104865,33.701872853299164,11.124567279264314,6.052806812736291,281.8301509694637,10.273642368883088,1,1.0477706058492078,2.1536926552941558,,2,252,0.749,High
EQ_0762,2024-02-01 18:00:00,CircuitBreaker,20.335338391829524,75.16897613842742,44.9350099771273,40.96280036054996,13.225759595930944,17.836404228132256,118.75446032797505,22.573840515208556,0,0.17719058049394826,4.523833896414663,,1,222,0.398,Low
EQ_0763,2024-02-01 19:00:00,Switch,28.686330155536897,87.12327415864758,39.98802677626432,42.60326909299549,5.67037424151603,2.0589228940057236,301.6579871517604,19.604997513364385,1,1.0777101669011993,3.240491723171855,,2,247,0.737,High
EQ_0764,2024-02-01 20:00:00,Transformer,17.40870863041692,77.69224478054332,16.02969638988865,47.28382982644988,12.049568602770503,17.94596991499477,231.3764104725746,18.29854577091895,1,0.09469569711408687,8.912839038268444,40.715561738423,2,483,0.362,Low
EQ_0765,2024-02-01 21:00:00,CircuitBreaker,35.39775232609614,82.18727121195462,28.677379742989064,93.93747478741281,0.36586489665145105,11.628497897381742,242.12638357476817,11.921650832707316,1,0.6718867754578054,6.870376053493932,,4,315,0.589,Medium
EQ_0766,2024-02-01 22:00:00,CircuitBreaker,29.086804709575897,68.0207889024908,52.47413720364061,33.16202979142499,3.5037065133353877,5.269468913876965,63.237047793212355,9.322407336938772,1,1.480207388269035,3.8369506363955743,,0,69,0.807,High
EQ_0767,2024-02-01 23:00:00,Switch,11.34373161983243,71.10274657406407,43.778398706798875,88.36549312261127,3.8542844926270483,0.4181902467046994,128.08150645587455,7.525923651512448,0,0.1999226581135602,4.883573078628782,,3,170,0.428,Medium
EQ_0768,2024-02-02 00:00:00,Relay,14.667632754987345,82.96243047723728,25.139750130287617,95.24298408823581,13.589159518893968,11.33612210020932,174.04839719558515,16.290965814937863,1,0.6471858105595206,7.548213899214496,,2,225,0.512,Medium
EQ_0769,2024-02-02 01:00:00,Switch,21.0975308700463,92.84516844867102,52.76379143721458,46.87569227031471,8.410417220635201,1.9011307366512886,120.16416671822564,17.163575701174324,1,0.34899393805757933,8.889044417098457,,5,498,0.657,Medium
EQ_0770,2024-02-02 02:00:00,Relay,12.590301425713843,81.21416382503966,39.22796961839502,75.34911265286755,5.746040545897601,17.381981374494572,248.91170287727394,17.866710072083897,0,0.1474989193754531,5.182205216006485,,2,164,0.37,Low
EQ_0771,2024-02-02 03:00:00,Relay,31.801339383656178,85.82168952841815,48.286498149164736,59.520933647944446,1.7769255764172276,0.2727969167176214,156.12684135150693,24.845742730440396,0,1.195876860715456,3.661775511582965,,3,160,0.61,Medium
EQ_0772,2024-02-02 04:00:00,CircuitBreaker,22.373963705614166,80.21244822858837,31.420911374057113,38.50789705601204,2.0455665754418755,3.9337711646242624,69.36633550717113,11.349530029236579,1,0.06334130155680022,6.645325605723804,,2,149,0.487,Medium
EQ_0773,2024-02-02 05:00:00,Cable,17.174886814242804,96.22119663138035,22.748682031051914,47.66628562476751,5.367617379622998,0.1690299212492108,343.72278356381065,6.863850423896768,0,1.4132607603574001,9.028669159842586,,2,192,0.372,Low
EQ_0774,2024-02-02 06:00:00,Switch,23.530135566492945,83.76427167242747,41.15111691824625,50.96400095479096,9.708334250967832,0.8953677737697374,68.9166695724043,18.3452213297277,1,0.8469523366037507,8.990358763022371,,2,58,0.598,Medium
EQ_0775,2024-02-02 07:00:00,Relay,11.03515838332899,91.85678988862279,23.401893491682785,51.526691880802545,4.749036522411194,8.00310545730798,102.67342432540494,19.596392008895982,0,1.2123817552554825,4.973806093410072,,4,279,0.47,Medium
EQ_0776,2024-02-02 08:00:00,CircuitBreaker,22.227793701047773,92.61425997315811,43.24232458552123,59.23635268158278,3.865434722837695,17.698534936899332,251.95714059169543,11.970985472988723,0,0.440223641325115,8.228197800426212,,5,236,0.43,Medium
EQ_0777,2024-02-02 09:00:00,CircuitBreaker,9.280221300536208,96.77067342383577,20.21406718859167,83.68548203175499,5.921629751575243,9.844323665749338,358.22770211260223,17.148602118908755,1,0.82936594282619,1.4436969616825295,,2,425,0.632,Medium
EQ_0778,2024-02-02 10:00:00,Transformer,8.06807674215614,75.09919631705006,42.22332371675069,29.701191468730936,1.7064293820682415,8.219212160718065,276.74296351287927,25.225943790694124,1,0.3087534774426434,1.716293326348382,91.72183686700492,5,255,0.737,High
EQ_0779,2024-02-02 11:00:00,CircuitBreaker,15.55932509430095,92.747048430653,49.53965801851273,81.80180734100355,2.532504099788551,16.436029185084006,319.23769573455536,22.111520732867863,1,0.5389429509949815,3.3625774383988967,,1,129,0.695,Medium
EQ_0780,2024-02-02 12:00:00,CircuitBreaker,11.53478715033041,82.78295494012526,38.41043502039386,48.74711924126298,7.130386015213029,7.270289147385334,274.35212006224543,30.33399861050721,1,0.28768437996807006,4.432679289128111,,3,37,0.619,Medium
EQ_0781,2024-02-02 13:00:00,Cable,12.085189514574978,86.12336934182713,44.154820379543835,94.55301860779647,4.183078893914473,19.004224117308603,72.14193513723617,22.28137431084388,1,0.13284244304782847,9.043967689857503,,4,205,0.558,Medium
EQ_0782,2024-02-02 14:00:00,Relay,23.364462655031566,87.41110217212109,48.2629570364181,32.0248497987175,0.5788734290720077,17.577622918257042,160.2266296106264,9.482430514033462,1,0.7292687937762755,6.38475468126417,,4,18,0.713,High
EQ_0783,2024-02-02 15:00:00,Switch,8.898147499252794,75.97197408945554,16.31199497107584,53.62683113563992,13.426500435993665,19.653048229871384,272.96664372626964,10.36421773218398,0,1.3634816154989933,5.646230408800545,,0,393,0.358,Low
EQ_0784,2024-02-02 16:00:00,CircuitBreaker,12.458730050984624,94.73007341409817,45.298762028924116,78.53642181785213,10.63771055691607,4.006796421928847,123.85234209763412,24.583910957535885,1,0.36859798766007545,4.948045271227439,,1,331,0.617,Medium
EQ_0785,2024-02-02 17:00:00,Relay,30.6780529422243,90.73462302483739,33.130470901034386,83.3751950620196,12.579326942970852,13.095515025685206,129.94904830794707,13.398318070409783,0,0.5065196753426663,2.051236969605568,,4,330,0.487,Medium
EQ_0786,2024-02-02 18:00:00,Cable,15.921628990728408,74.07605750506343,33.213149992344086,92.67500382978119,1.5672047513093712,14.405358478947912,290.5490515445947,8.585363363910657,1,1.3877299871134101,6.116249819411376,,3,54,0.704,High
EQ_0787,2024-02-02 19:00:00,Transformer,18.548040112934842,89.93961892136389,25.294618336065362,75.48078696370564,0.5956681135837083,16.78816075218544,206.85979645746147,23.190708687664426,0,0.3707948387196913,7.0936634139260315,82.47321517413022,2,113,0.286,Low
EQ_0788,2024-02-02 20:00:00,Relay,21.723182419647564,85.91408079779204,33.25303695289594,91.52730954062764,7.468037707714787,16.83617418057638,330.47322039458703,17.083630176405627,0,0.3836225131933388,4.654739193037939,,3,191,0.399,Low
EQ_0789,2024-02-02 21:00:00,Cable,31.960303897481385,74.60134353876238,35.97745383430997,84.4877398368598,5.302162126925682,12.844192740053948,135.97105091708508,8.950545024940318,1,1.2018571263846416,1.8907176106783614,,5,301,0.819,High
EQ_0790,2024-02-02 22:00:00,Relay,15.870060457307954,92.79817323792577,28.85877148314669,97.84362796113288,14.696015021607897,5.365520409071134,64.34237778746166,25.036708673545235,0,0.7039304288400984,1.9067755956361867,,2,12,0.453,Medium
EQ_0791,2024-02-02 23:00:00,Cable,28.51816175036324,68.90407236424572,49.80786761968969,31.0922023290643,1.9096781812008752,3.5134459593716905,386.0932254722233,24.715572726853843,0,1.2119887264222733,4.578714871594777,,2,212,0.582,Medium
EQ_0792,2024-02-03 00:00:00,Transformer,17.75306909764371,74.80003619671193,34.22592113249635,64.14629868273349,9.476622654791331,5.14237007997389,382.02892831604674,10.583479451592668,0,1.450197103411298,1.133705102567534,66.46191304992651,5,72,0.657,Medium
EQ_0793,2024-02-03 01:00:00,Switch,17.66766730538032,81.02457900397727,37.82658315923156,54.84713264101672,6.222702754523924,14.65446830826613,290.0566962802626,28.498324614967892,1,0.41244052279726856,6.485756587786573,,2,233,0.572,Medium
EQ_0794,2024-02-03 02:00:00,CircuitBreaker,24.97064877639276,78.72239651530798,34.442301676107235,45.1025714644583,2.1276659642547777,4.276024213254656,86.92977624042038,24.442878530133353,1,1.0080547200082697,9.555457344218855,,2,243,0.571,Medium
EQ_0795,2024-02-03 03:00:00,Transformer,29.160673995769997,69.50932932392782,50.36980695715817,89.01401303565807,6.64980481159048,11.717261010558431,391.6274163653816,20.37221782390049,1,1.3627166511453301,1.7473488202916778,50.50785277897756,5,356,0.921,High
EQ_0796,2024-02-03 04:00:00,Cable,20.781893359798218,84.95794744178184,47.649114074512006,99.06096921145495,5.832772447111746,0.9483127228016985,330.4100261533637,22.318279415235818,1,0.3378871453588924,5.453456109592781,,0,153,0.596,Medium
EQ_0797,2024-02-03 05:00:00,Transformer,29.526997120478008,90.34194182499067,34.984736479950485,44.417162410308734,14.606138730577403,13.267252219129857,192.88313177120455,13.572507053525616,0,1.1100993253551652,3.1796510103439095,49.444049393552845,0,434,0.475,Medium
EQ_0798,2024-02-03 06:00:00,Switch,23.36518277990004,76.40963438668011,40.156205796944604,29.43509398993868,9.824116568509824,5.665930559954044,50.085027052079454,9.427273557202762,0,1.4037422978608864,8.80619175203822,,5,409,0.53,Medium
EQ_0799,2024-02-03 07:00:00,CircuitBreaker,14.774661929050868,90.57278523181924,39.34286372695897,97.67237691598956,5.604084893010887,13.629212250343425,72.2375028483715,16.698678364042962,0,1.4475356087228617,5.850827870051085,,4,89,0.571,Medium
EQ_0800,2024-02-03 08:00:00,Relay,16.348505596710492,71.4878579307296,43.14113360726122,71.58848347437814,5.60908070405662,19.018827037316687,57.77098454574761,14.200543994059297,0,1.385550755134393,3.8884189448749633,,2,286,0.582,Medium
EQ_0801,2024-02-03 09:00:00,Cable,15.315332181799942,83.49239188800617,47.952069996821514,28.251740870268883,14.145310644686042,15.90145762362328,113.43758944304318,25.224214952350394,1,0.6081901478244579,4.6206521026868685,,1,408,0.67,Medium
EQ_0802,2024-02-03 10:00:00,Cable,30.715412680727127,95.92075943144124,20.066234913887758,53.65041895030555,7.214124121264553,7.5262363390999525,177.11619330067876,7.411254024163107,0,1.0440309998158037,4.925929754080409,,1,327,0.37,Low
EQ_0803,2024-02-03 11:00:00,Cable,13.649020276673877,91.66497156675999,47.10242992606511,58.91133024711151,4.476759917216408,12.761854515929048,150.85324752209107,12.372214118740224,1,1.1092462483381738,1.3629271574885564,,0,377,0.778,High
EQ_0804,2024-02-03 12:00:00,Relay,10.748285660003225,68.1968570466841,21.117727459017047,25.519200696836755,14.93703551669878,5.776199399081792,102.24380443423655,12.506898965889786,0,1.4073820787331952,5.6814420072195615,,3,303,0.449,Medium
EQ_0805,2024-02-03 13:00:00,Cable,18.57972479292785,93.32835227936737,30.7996108219613,46.800685596615665,3.1092378382460333,7.555936478188229,160.8395246059241,24.287206901049807,1,0.46989492177255426,6.194797717803053,,0,360,0.507,Medium
EQ_0806,2024-02-03 14:00:00,CircuitBreaker,9.910872785927209,73.54738554419892,31.29621086445395,94.95594031269563,5.658779785735431,13.281482423996682,139.28052784748934,9.429906551277256,0,0.13487807011607267,3.748721486884762,,2,385,0.354,Low
EQ_0807,2024-02-03 15:00:00,Transformer,12.572169777110332,73.0463029924676,45.430372335478,21.267045675589937,8.367151886031516,7.589227611869296,227.29249996799152,21.196416404794277,0,0.5043831569630534,3.6559797416585678,80.33710171341981,4,95,0.522,Medium
EQ_0808,2024-02-03 16:00:00,Switch,33.26703265551356,73.58486734129731,18.904750421405957,91.82366451136207,5.24843195471098,11.026347813256283,175.8401005820012,9.396663081343386,1,0.9045308851742057,5.726267665926667,,1,234,0.529,Medium
EQ_0809,2024-02-03 17:00:00,Transformer,13.88681321654472,81.10420229491606,46.877900160625835,67.23408824863131,1.4537599060049229,10.960429944582701,295.9584047513554,27.40299195608029,1,0.9622204890196868,2.3739234808670537,79.05952966245883,5,441,0.837,High
EQ_0810,2024-02-03 18:00:00,Cable,27.642913536363974,68.70837960527837,31.469906703609727,46.63601975698987,10.041180963804651,4.322716246218414,256.80517304099044,30.656560968982653,1,1.2068134397024812,9.293119625948773,,4,198,0.627,Medium
EQ_0811,2024-02-03 19:00:00,Relay,36.37667304104801,68.30943368317872,39.909651055099104,53.02715182071252,12.897817355026826,5.036294040182634,393.36032119027664,22.570115177681178,1,1.200629233231805,1.7703959754049148,,4,58,0.822,High
EQ_0812,2024-02-03 20:00:00,Switch,13.320278658007087,89.9937065179919,15.879460881572944,85.35023887150263,0.20923528037867178,13.142376781225467,177.78287208113204,22.510361023418376,1,1.059245540134215,4.082276972676738,,3,316,0.606,Medium
EQ_0813,2024-02-03 21:00:00,CircuitBreaker,11.130910995214231,70.01973016469971,38.55744090250191,61.65242829872892,11.133015136816988,10.194710200078742,197.85602651080768,16.748353812378234,1,0.08834800876661783,4.020014815269914,,4,302,0.622,Medium
EQ_0814,2024-02-03 22:00:00,Transformer,36.30458456821033,93.33311171058557,28.175122681368705,67.02363240530977,12.709451183032408,8.825486735001373,56.285252312552835,8.01178246910328,0,0.7900694459556246,9.724954381082906,78.12652482203774,2,60,0.305,Low
EQ_0815,2024-02-03 23:00:00,CircuitBreaker,10.056569551718516,73.49146539796402,45.852925728674,87.31518079649958,9.265418792828862,12.888463392596332,59.91810763418462,28.37031700870073,1,1.192999051847703,3.331316296930124,,0,93,0.743,High
EQ_0816,2024-02-04 00:00:00,Switch,28.551624878999704,74.23078358632495,16.61320644206052,36.09092340723018,2.6794331513144924,6.754959934696945,196.45732401141032,19.730550070438113,0,0.7412931194870759,3.436071453687604,,4,198,0.401,Medium
EQ_0817,2024-02-04 01:00:00,Cable,8.84594938864816,85.54794704487738,30.829793193894176,43.89377259100398,13.004115642457684,14.934866155963196,350.21794193035475,19.364535457236446,0,0.23985031558382736,7.265992925091451,,4,196,0.335,Low
EQ_0818,2024-02-04 02:00:00,Cable,13.976139618178081,80.79566040365978,17.60003155795554,86.0246721938386,1.8891096157125087,18.061950140986195,352.480710791545,18.543734639859643,0,1.1293338962407864,6.575005664363379,,3,325,0.375,Low
EQ_0819,2024-02-04 03:00:00,Relay,31.2891936277946,80.52234792279145,46.432339369774,56.99654536521184,14.114486817641907,9.727442016502952,211.91674517680534,27.196940262214845,0,1.241287653053215,5.990402028890537,,4,85,0.579,Medium
EQ_0820,2024-02-04 04:00:00,Cable,13.214136591357185,81.5649886977698,53.72290011638714,80.23889544313481,12.167439058186982,0.6565099763848026,213.75081192195597,23.458770608753994,1,1.2535473912607082,1.4434628822449431,,1,95,0.851,High
EQ_0821,2024-02-04 05:00:00,Switch,32.72072768361432,83.90362716551545,22.892558823042396,45.380417315976004,4.228943276273411,10.617180685769515,68.08998796889614,10.280476279497936,1,1.2284049128948844,2.1934359167213,,4,27,0.725,High
EQ_0822,2024-02-04 06:00:00,Switch,14.768491814285682,81.14774756252056,35.68483552453322,81.08883836913269,6.709986399992816,15.797292420710775,266.42120746591013,9.053692964443206,0,0.27668058566961595,4.9333035290479375,,3,69,0.393,Low
EQ_0823,2024-02-04 07:00:00,CircuitBreaker,19.509792399582146,89.56278381948154,38.229485591894075,51.05064648017994,2.5614042517557847,4.536742046509903,251.42535646417065,17.432847732294398,1,0.7966448878479745,2.536096917720103,,4,258,0.744,High
EQ_0824,2024-02-04 08:00:00,Cable,27.224281317992407,92.72362348482304,25.317580271476025,59.321138066546126,14.632909935313526,6.664834811014552,258.26622072331645,8.435283905406598,1,0.9287217535951926,1.8066859597415612,,5,251,0.726,High
EQ_0825,2024-02-04 09:00:00,Cable,35.817827624390844,88.75421691009703,46.52639152542825,76.32834886173094,8.845935541146986,8.998255621710108,350.43068291637184,31.834563023662703,1,0.7736024507109179,9.383815442397358,,3,85,0.629,Medium
EQ_0826,2024-02-04 10:00:00,Transformer,24.91665438966701,83.61314141999657,33.179309318214266,36.743020922409585,0.05579491227088784,4.830124537121225,228.40311006124782,16.25891871101332,0,0.700303580603819,9.825833976076446,59.26498038681302,1,149,0.298,Low
EQ_0827,2024-02-04 11:00:00,Transformer,21.11330524144313,71.87195098923176,16.918309297479507,82.03276116739957,8.56024762607968,15.214096120877901,102.45197961029308,21.439376821932655,1,0.4177815877949945,3.0525563521001793,40.63393077291419,1,275,0.507,Medium
EQ_0828,2024-02-04 12:00:00,Switch,11.779880983503084,76.96877523349116,19.67515042363756,98.868675232875,4.62948972785926,2.6064789340465633,119.67880948978521,21.867987165219866,0,0.14286310960394333,8.761907171270412,,3,289,0.211,Low
EQ_0829,2024-02-04 13:00:00,Cable,35.88349069787727,75.15567519935405,33.003810743634375,21.770756082359767,9.610653370908322,8.278521161051778,144.5204631355445,11.58460198664843,0,0.9983334626052026,4.7459532792908306,,4,58,0.498,Medium
EQ_0830,2024-02-04 14:00:00,Switch,13.210119381867448,87.9841633631179,37.602891321467744,88.69376439435969,1.7621384831473934,15.713332038889122,285.7308753860407,9.10529529435864,1,1.057490058313995,4.9739255999184735,,4,421,0.727,High
EQ_0831,2024-02-04 15:00:00,Transformer,35.40455878111945,72.10672916791908,40.71333563262952,50.558403637035674,14.352220058863166,6.59949790580553,386.76506832213005,30.340117979720226,1,0.4420556912004517,8.23187599143785,94.75823109919283,4,111,0.596,Medium
EQ_0832,2024-02-04 16:00:00,Cable,15.327227062967188,80.66653791037626,35.807229462670385,43.594490864309144,0.2289725946904464,4.402584883950533,148.67790951961547,17.97719193559105,0,0.2980985936994327,8.859289210225054,,5,424,0.358,Low
EQ_0833,2024-02-04 17:00:00,CircuitBreaker,28.442422849208747,70.4708138492302,41.00369804559726,72.29251811244964,14.343317604654416,0.060417427123224954,136.7763574320325,31.050369943133518,1,1.4015941773275105,7.485277774335737,,0,230,0.661,Medium
EQ_0834,2024-02-04 18:00:00,Switch,30.207136310378658,70.65300577995977,35.55503339112934,38.52663930311995,2.718270654204259,16.20606598246665,97.2633478381916,18.653594198902404,1,1.410938447399748,2.672488500088083,,0,224,0.729,High
EQ_0835,2024-02-04 19:00:00,Transformer,36.36180928840881,96.83435158707071,37.224686187296115,33.611419214172635,4.741573319113435,8.489856653530703,158.26347852537802,13.577160656665926,0,1.4597330783637184,2.3802834467417107,80.33303497942742,1,415,0.57,Medium
EQ_0836,2024-02-04 20:00:00,Relay,8.011898393736072,85.28929741266893,51.6377201581621,43.03472752745752,2.782889628865788,13.033595897568539,299.4104925544376,24.576824011703494,1,0.5130094760309923,3.2698216194339778,,5,312,0.785,High
EQ_0837,2024-02-04 21:00:00,Cable,35.72164519889928,94.77568573982795,33.29266439571281,87.69550929234987,6.78485216451444,8.487780361450207,104.86703165975314,17.51296352528327,0,0.8292545609697202,1.2025389468581782,,4,71,0.548,Medium
EQ_0838,2024-02-04 22:00:00,CircuitBreaker,20.879277150086786,90.65933033346082,42.20184225497079,70.8125591091148,13.643331426558037,0.3606401965046002,244.96665516728194,27.25841890706209,0,0.8349363049168376,3.9150599732234124,,0,291,0.463,Medium
EQ_0839,2024-02-04 23:00:00,Switch,11.951266387667358,93.73932908266954,33.83049569550412,90.24921575885611,8.787781836497524,13.483842332300016,331.4914040324575,23.797199704203628,1,0.6271795189844597,5.622700455357859,,4,275,0.636,Medium
EQ_0840,2024-02-05 00:00:00,CircuitBreaker,31.288320215600518,78.83585859481654,30.524858270739884,27.655209284640094,13.718766528326215,1.8207262989088346,276.8732121069946,17.156250927675536,1,0.6381481158703914,7.115966529154155,,5,149,0.609,Medium
EQ_0841,2024-02-05 01:00:00,Switch,9.945718246266484,85.2174677055916,45.88127143889419,86.25702063092754,2.5579558409066294,17.948381001563472,279.65113214660477,29.810079622158437,1,0.7536570398097875,5.8783001058748185,,4,460,0.713,High
EQ_0842,2024-02-05 02:00:00,Transformer,34.65211003383146,94.09737675728547,32.92643493476008,41.95301053085454,5.897556518463962,7.755286570594995,150.40340624397788,13.251649316990097,0,1.2985412578955933,1.6287572861619553,77.26861501547768,3,470,0.58,Medium
EQ_0843,2024-02-05 03:00:00,Transformer,13.011781492237116,77.99067090842783,17.461721365393473,41.59789094843696,11.526316066758632,17.700306490945174,127.53450316582847,18.51579165999089,1,0.7319698695089493,8.862177751837608,81.9539479081693,5,64,0.516,Medium
EQ_0844,2024-02-05 04:00:00,CircuitBreaker,22.879239332673446,87.45166881368144,48.894202156374675,20.763116322043594,6.043350465750729,18.144863345541573,309.109560795383,20.656717107020015,0,0.8179845642009435,4.12993087843994,,1,364,0.513,Medium
EQ_0845,2024-02-05 05:00:00,Switch,23.09509547560392,87.00611278444015,31.73452153715172,77.13225171137393,12.918483408905788,3.0936969636972234,208.04145798609855,17.01654246469719,0,1.0468239658721057,3.248807187321364,,5,201,0.548,Medium
EQ_0846,2024-02-05 06:00:00,Cable,26.567276533616013,93.44718801021315,31.725263991744907,92.88125599833761,14.897456084002176,2.1218409989590414,131.56861579470052,31.660253290016517,0,1.4395751453980108,1.8793654784808265,,4,323,0.607,Medium
EQ_0847,2024-02-05 07:00:00,Switch,8.434956510936964,72.67190067443624,54.84051133528993,34.39996932885495,7.538214100830347,16.96835452861022,57.14056374087222,22.321202520978407,1,0.45168690086095525,8.761014247957585,,3,231,0.644,Medium
EQ_0848,2024-02-05 08:00:00,Transformer,16.220373328658297,87.91591588817536,41.96878529789588,37.7194839087712,0.5219879980252518,8.184991475707946,151.2176031880544,27.84239923957013,0,1.2105280732602506,5.1132155697336295,73.35817239277705,3,263,0.548,Medium
EQ_0849,2024-02-05 09:00:00,Switch,25.52352596362083,91.98758630440108,32.0000965649279,42.03573438324072,3.975523772108212,10.723845585644083,207.2018709562744,17.88326081659328,1,0.18214914168007545,7.46743366621176,,3,486,0.509,Medium
EQ_0850,2024-02-05 10:00:00,Cable,14.198363951475411,73.71165527605292,31.510332811095736,38.22226732942411,8.757874009620231,7.42926678668943,207.11910290747653,20.503571683308778,1,0.345126507598617,2.401764605789768,,4,1,0.65,Medium
EQ_0851,2024-02-05 11:00:00,Transformer,33.532235183334535,80.57798738211122,31.483744385301566,22.84897202182732,7.469644538810899,11.083394432220002,245.59430483413328,25.089841571717876,1,0.30734866073696704,3.2700082080755695,84.59017558767269,5,340,0.647,Medium
EQ_0852,2024-02-05 12:00:00,Switch,35.467947888458426,71.94204967365229,34.905982180208724,37.134100219166946,0.9010975253247366,6.510066762522708,100.29066881447446,25.168192982724648,0,0.8239018498235945,2.294510238912798,,4,203,0.534,Medium
EQ_0853,2024-02-05 13:00:00,CircuitBreaker,8.268006063759916,91.43655442170217,22.047776246569903,68.49733137766128,5.053828696151184,11.709718766300712,160.4787694438134,8.347368138690863,1,0.3732775124087427,2.6925270983116802,,1,253,0.536,Medium
EQ_0854,2024-02-05 14:00:00,Switch,20.412561220749673,87.09022971935856,25.5522429978543,20.965594824049436,7.784060463971353,12.11518978717944,387.0046729006334,21.915711683517664,1,0.7332002110983057,6.1606146330793345,,2,172,0.554,Medium
EQ_0855,2024-02-05 15:00:00,Relay,34.909118265998785,92.02296622244774,27.91914933455232,38.98034909257098,3.9395041854911046,10.08842079430426,310.4173079300022,19.586918593939977,0,0.14830477395076325,7.512226303959828,,4,436,0.302,Low
EQ_0856,2024-02-05 16:00:00,Cable,31.373133731457663,76.39543808847188,41.565029571334016,54.12735208435147,13.336790335911642,16.904511163214796,233.9011994083748,24.67064973696705,1,1.3308570664820507,5.461453090704479,,5,390,0.795,High
EQ_0857,2024-02-05 17:00:00,Transformer,17.084271474175836,89.85631799937786,23.80265019138767,51.082491840483364,12.985908556601904,14.488446805386301,191.33385183662475,11.79810156502565,0,0.566154166706743,3.556937343046897,49.68491083691197,0,320,0.334,Low
EQ_0858,2024-02-05 18:00:00,Cable,29.556654493404043,75.31002671865497,33.166698806710556,50.86875574688872,14.731160679534462,7.8218448829644105,77.99386897886419,8.425295319446269,0,0.906592895961944,6.394271965644391,,0,475,0.374,Low
EQ_0859,2024-02-05 19:00:00,CircuitBreaker,20.144010723996992,80.52346707704886,17.15730331363485,61.32372083114098,7.571092130705275,2.9909863711388907,86.34378513882464,9.336457246186242,1,0.19649095741232486,6.487373759830838,,3,0,0.45,Medium
EQ_0860,2024-02-05 20:00:00,Cable,13.697996919684641,75.29147441343645,21.94288576605759,96.62682435588025,12.81926194727753,4.609896747030417,164.6482028727441,11.667106742234925,0,0.7632201412181945,1.1764947922682825,,5,465,0.498,Medium
EQ_0861,2024-02-05 21:00:00,CircuitBreaker,27.469672258007076,83.17158634471161,50.94555713204413,33.15141474627313,12.061638690916975,15.839220289334314,94.51341622591042,16.761099051891446,1,0.2967213296595495,3.2924845041179402,,1,447,0.672,Medium
EQ_0862,2024-02-05 22:00:00,Switch,15.634139070085787,84.13085542674742,31.45643727041862,95.81862432050443,1.895552129205077,19.473842697003974,130.72352407499238,26.867596282310032,0,0.541506392950591,2.2877325587558253,,5,184,0.498,Medium
EQ_0863,2024-02-05 23:00:00,Switch,32.87878637214096,76.95696607785743,41.35421616907369,65.31549480693013,7.076344640863114,9.916389452970781,306.28326993230064,8.369868681332896,0,1.0188619598389623,9.06230891258721,,2,340,0.42,Medium
EQ_0864,2024-02-06 00:00:00,CircuitBreaker,9.675857713576061,72.07894683777633,43.66527746808126,54.982531859569406,6.053229312205326,2.739332690884717,227.36951425122584,9.416723402302186,0,0.7410996616502836,7.8725376906549105,,3,320,0.44,Medium
EQ_0865,2024-02-06 01:00:00,Switch,15.489666378727742,81.94279887721208,54.680638775873426,74.93203386832297,12.620351569577979,8.296952131210915,318.7513230940494,7.09374766941569,0,0.22822121468625522,2.8276353362805593,,3,335,0.532,Medium
EQ_0866,2024-02-06 02:00:00,Transformer,19.656605813841367,92.52660147144714,28.850642031517218,72.36969548123703,10.63971442205225,11.723647081766828,175.03468885954766,21.580440226265694,0,0.546285109545132,1.7548636469681087,94.6042188002308,0,109,0.395,Low
EQ_0867,2024-02-06 03:00:00,Cable,11.688291155342817,70.09810313124567,50.14122996828624,44.14677287143161,9.754454611102615,6.580114593244657,187.0089947780649,13.077050244453506,0,0.5474138083998648,4.696303605278888,,1,303,0.473,Medium
EQ_0868,2024-02-06 04:00:00,CircuitBreaker,28.892066003677943,82.83454963280896,52.74260868627908,23.35043150710204,7.546024839480422,11.684495776634362,372.06894512599587,7.327280137778545,1,0.8815743981560632,8.682669356751614,,0,4,0.632,Medium
EQ_0869,2024-02-06 05:00:00,Switch,15.015904115457861,93.41247810719419,15.761736370971672,78.59637033069838,13.996698317529795,13.143953232801245,203.6602353931568,7.211787444763386,0,1.3841650293178116,5.232666004224173,,3,355,0.426,Medium
EQ_0870,2024-02-06 06:00:00,CircuitBreaker,8.840905585742492,88.0048110685341,34.273490143050324,29.94762539539286,3.2140771396538934,1.2898136091169254,251.00273889800076,22.79479593980425,1,0.7833263326153944,8.353919197023535,,0,117,0.524,Medium
EQ_0871,2024-02-06 07:00:00,Cable,32.96925581793239,85.85310750381068,15.510259188297223,75.61837245981886,6.269988253805273,11.31114966452774,277.17821070660955,15.456388586831073,0,1.3797928324991016,2.2057738007480308,,5,412,0.524,Medium
EQ_0872,2024-02-06 08:00:00,Transformer,27.473842411150084,68.12642781874084,51.98604421620723,29.00033065904732,1.4232634522136194,6.660152661044885,180.74820011367822,11.786101952717722,0,0.8984264083443309,4.986226882377672,41.879657397259805,2,188,0.544,Medium
EQ_0873,2024-02-06 09:00:00,Switch,17.26990980540372,91.50255449362194,42.58806139447474,77.98966828639044,10.471753861252854,6.219460427660666,84.88237272687155,13.356613968893592,0,1.256088685268481,9.82423718004764,,3,396,0.463,Medium
EQ_0874,2024-02-06 10:00:00,CircuitBreaker,22.32156342750528,68.28131029276823,20.60179248536916,45.76644602530126,8.678780228894245,1.5018729161062794,380.17505454845855,15.85725917867882,0,1.3732471159909934,8.024696224813196,,0,271,0.335,Low
EQ_0875,2024-02-06 11:00:00,Relay,29.907680902951853,85.59486781368473,40.07135268207378,71.04025881729984,9.430820805383732,11.074564627967225,395.24490646901114,25.771845320493796,0,1.1765722631691558,8.852165335753067,,4,332,0.478,Medium
EQ_0876,2024-02-06 12:00:00,CircuitBreaker,14.253553119049627,70.43032061375676,34.315777463943945,61.12645564954185,12.437726699248765,8.875671585646714,249.79855894050945,20.230915339863373,1,0.10539403644821704,6.536934069372226,,2,369,0.51,Medium
EQ_0877,2024-02-06 13:00:00,CircuitBreaker,32.01325528745332,72.56751589419831,38.77326935706383,67.48884355571315,2.462774460845381,2.4692714746147204,393.01818004176965,16.630417580632013,0,0.37976150664911745,2.5419209000893748,,3,315,0.471,Medium
EQ_0878,2024-02-06 14:00:00,Cable,27.360449693913818,85.67391362249109,40.7420849194967,27.04048220091618,13.403018752476555,7.785327936180966,159.67929225062528,18.48375907568896,0,0.615595795334061,8.772193028252314,,0,459,0.329,Low
EQ_0879,2024-02-06 15:00:00,Transformer,34.94856828073887,76.80014327703859,49.55743229839819,82.52185036264537,13.962115085171426,4.915006243717757,251.93570254234268,13.412703787992005,0,1.2449370112023426,1.0479177151395782,71.06505395875179,0,301,0.615,Medium
EQ_0880,2024-02-06 16:00:00,Cable,17.836899506885622,77.35782750525678,40.79625295459668,88.11875594511952,9.137930870899893,17.06345957293445,142.6089891583605,20.026550078654488,1,0.7032779816472603,1.104804095527866,,3,161,0.754,High
EQ_0881,2024-02-06 17:00:00,CircuitBreaker,24.147552151081463,87.18420540023908,38.6765761767628,78.90239190267371,8.570092926796157,1.3350050970151384,90.75593342964899,22.104813593686714,0,0.44871982836177826,1.7168061613128924,,2,330,0.476,Medium
EQ_0882,2024-02-06 18:00:00,Transformer,20.458479560007856,84.075355344426,28.149839533984263,77.63469617806223,9.65655912151867,6.656367221833439,314.20538511799623,23.514766148391956,0,0.974295799140958,5.980849307083613,40.6264317448704,4,307,0.444,Medium
EQ_0883,2024-02-06 19:00:00,Relay,28.198708320829784,78.90521194216554,52.704388406346226,85.43878168617643,8.815417042969683,5.043639636385389,121.30108764718331,15.190390617293826,1,0.7410235181910269,3.664589590350524,,5,13,0.813,High
EQ_0884,2024-02-06 20:00:00,Switch,22.932955366382,72.7957423398824,54.108512513019996,28.63396439719951,13.979162094815582,18.271560228053897,233.8761686368243,25.572577339574277,0,0.6822700320602524,6.670311197881944,,4,310,0.533,Medium
EQ_0885,2024-02-06 21:00:00,Relay,17.876702185212444,76.73361157377792,38.12919144678055,59.85037393471843,8.693045537249716,5.733211625740459,178.43524113594833,8.265244936980551,0,0.1258007397946983,3.2811141670571464,,5,200,0.459,Medium
EQ_0886,2024-02-06 22:00:00,Switch,10.153158920585827,71.00946655040748,47.51713621575748,23.109895761335146,9.88414190902114,5.45115497630801,355.04098824784427,19.09479168359249,0,0.49308586602534726,5.6587504212049105,,1,253,0.432,Medium
EQ_0887,2024-02-06 23:00:00,Cable,19.076782552312796,84.36473087542507,19.58131473305393,99.75924022500409,6.3833381654507635,6.964612794147373,298.5734469106927,15.825283975373978,0,1.2582477422916987,5.088436519243827,,1,255,0.393,Low
EQ_0888,2024-02-07 00:00:00,Relay,28.86719398469761,71.11614327681471,48.84476742220447,78.85743894224879,3.1757516769294853,2.905720194915733,160.70232205396854,32.35390582286142,0,0.422405783122235,5.105144880519699,,4,455,0.501,Medium
EQ_0889,2024-02-07 01:00:00,Transformer,8.870586545802754,79.51959835742075,37.85280061732411,96.24996900063721,7.751040674100967,16.382146523553757,241.4946748991152,7.101195362758989,1,0.5067619990251724,6.179945570479929,92.28266812621183,2,67,0.59,Medium
EQ_0890,2024-02-07 02:00:00,Cable,32.91478043278576,74.62231281118659,23.80439320076654,36.09383736911206,13.837483444537547,17.053323062034412,321.2092012885321,16.603848084054142,1,0.7813520212332119,5.178985703156376,,2,279,0.57,Medium
EQ_0891,2024-02-07 03:00:00,CircuitBreaker,15.348545119221807,82.64581333831424,16.21986191411018,30.544829879796733,13.298843942534196,15.033595340628466,198.0039431706805,19.963059781664683,1,0.5864983846419674,7.667018804446052,,0,8,0.413,Medium
EQ_0892,2024-02-07 04:00:00,Relay,30.741428197730308,90.13527051589162,43.90446899337798,36.36034709542366,5.069549688607181,9.3969086996735,165.77754699967946,26.383385404274883,0,0.5275626101624343,2.2440887810680343,,0,134,0.465,Medium
EQ_0893,2024-02-07 05:00:00,CircuitBreaker,19.57217310940082,96.41751855068902,24.035256517343036,68.97269271545832,6.494595747595595,1.4204913529865326,220.75681209932083,24.958436873504436,0,0.7941689649503372,8.84895457371923,,0,485,0.26,Low
EQ_0894,2024-02-07 06:00:00,Cable,16.3791734830699,70.50122596781499,52.46262446632024,50.25570796225752,8.6460832718045,15.840062522603919,163.5097823564532,25.3364425307955,1,0.24635733223585066,3.621643724849547,,5,364,0.747,High
EQ_0895,2024-02-07 07:00:00,Relay,12.196608447959077,91.52568619363937,23.905969409071414,77.39228443241683,14.14947595868479,10.55544418137754,239.01021729124068,18.447906338640927,1,0.522540707920782,5.280895278324254,,3,359,0.554,Medium
EQ_0896,2024-02-07 08:00:00,Cable,25.481418435736025,96.59375559294912,52.51058237272897,88.97223666344973,13.336958035572875,9.35698366584086,280.1055145121127,30.166801519277783,0,0.619778609237462,9.655862305109219,,5,274,0.476,Medium
EQ_0897,2024-02-07 09:00:00,Relay,20.057795800006307,85.43139729640325,43.39218853089488,96.04736104607507,3.669244110783991,14.922619564772845,232.28545515042876,13.251042796757309,0,1.1760799177047663,5.970000521564619,,2,42,0.514,Medium
EQ_0898,2024-02-07 10:00:00,Switch,27.1682407988406,77.36413098875913,34.2509580731042,69.38834007904536,6.07366221404766,3.9674507969540262,386.5741723103564,19.80962358115067,0,1.1141845369171657,4.699424742004523,,4,471,0.521,Medium
EQ_0899,2024-02-07 11:00:00,CircuitBreaker,18.298821156745774,79.80776465554662,31.36786575142599,63.53440927535629,8.152048049720447,9.943076317657432,97.17502472110334,19.39403791951434,0,0.29520065560994463,2.1352220766618863,,4,167,0.448,Medium
EQ_0900,2024-02-07 12:00:00,Cable,35.04672580289386,85.54355038128342,41.37960232498337,52.1434936266691,13.634713378722964,12.75860979159331,319.2094543332556,15.951186663748274,0,1.4420172271877318,8.384151611424835,,2,357,0.49,Medium
EQ_0901,2024-02-07 13:00:00,Cable,32.76450542742177,72.99363375534688,25.83852831484878,42.85012797468617,4.063638348703067,17.10816324208576,61.15967832300724,8.054699702480907,0,0.44717656241336035,2.798856771844993,,0,125,0.345,Low
EQ_0902,2024-02-07 14:00:00,Transformer,14.723928802602604,91.1403524883457,37.52506375568188,20.46165290343744,6.439841485562929,8.157698537007178,89.88084430559024,24.255828292239343,1,1.0680409231502621,7.488038971468879,80.06590200572256,0,232,0.597,Medium
EQ_0903,2024-02-07 15:00:00,Relay,8.001531981036607,95.66370331155494,47.56835068218652,92.31853572714283,0.23464942961151203,18.677175915714788,333.4259850408366,28.604916859884863,0,0.18526670784685434,7.649002260267379,,2,341,0.371,Low
EQ_0904,2024-02-07 16:00:00,CircuitBreaker,35.837583999620634,87.67787290112666,37.82245618498426,95.65037421991975,6.64405682601654,11.985871326209574,216.71840272302816,31.186847976728078,0,0.1603228538099855,5.5100773074281335,,0,362,0.317,Low
EQ_0905,2024-02-07 17:00:00,CircuitBreaker,27.92162080017771,90.96528961424487,38.320745897765455,92.71341952971632,14.129871703258075,1.2863844638716704,190.82968883948104,6.63339358647117,0,0.5276541531929423,5.831813961735419,,1,254,0.383,Low
EQ_0906,2024-02-07 18:00:00,Switch,34.41305298478852,92.55007535149669,20.09998906687943,27.442429979271658,8.839010081350006,10.642359449175654,143.23217450050834,30.285233282953552,1,1.3946812937192525,4.623502945061464,,1,190,0.623,Medium
EQ_0907,2024-02-07 19:00:00,CircuitBreaker,33.818774156292086,79.1345179336262,44.47267327318801,58.07537740381793,1.838747347607745,18.55868402474043,208.93380768213783,25.8311500887049,1,0.5824020309253737,1.169927907186112,,5,453,0.797,High
EQ_0908,2024-02-07 20:00:00,Transformer,10.915380402063242,82.3903649052078,42.5985742850545,46.778826126342324,10.432326887664756,13.97271178863912,296.3775675647408,19.298090058553726,0,1.3765849176761809,5.40276866182554,64.7645856423151,2,413,0.548,Medium
EQ_0909,2024-02-07 21:00:00,Cable,13.782043751308183,76.92199753333375,16.693379700732134,70.68282348929361,3.7280361589063933,6.083105089709302,319.7850825825124,14.834971945359255,1,0.4011840434190561,2.5215197422033517,,4,32,0.574,Medium
EQ_0910,2024-02-07 22:00:00,Switch,30.470893663276723,71.76148148171077,33.15015041001414,60.554409286175556,10.310848690285718,12.665669646659909,333.75223553081116,7.20828871600843,0,0.4798390509301259,3.5212070689784176,,3,233,0.434,Medium
EQ_0911,2024-02-07 23:00:00,Relay,12.234490262171139,76.38616936183685,27.390612565716136,61.750756954198266,9.95556718389384,7.622010272236281,301.81458095968344,15.076464141648659,1,0.47091133210640246,5.870692502713219,,0,255,0.495,Medium
EQ_0912,2024-02-08 00:00:00,Relay,8.687774448867927,70.313884585386,31.718781743461083,95.43301691134052,10.822676697651355,1.762531390011155,346.2113044733058,25.772120806420887,0,0.9358724622688471,8.382636645482595,,2,80,0.37,Low
EQ_0913,2024-02-08 01:00:00,Switch,19.719185584545755,74.42353047476173,35.480935564350375,63.90734044747791,8.07489558014868,11.301475829602106,382.0467213837133,30.360631823598247,0,1.3197897030104622,8.212751298177643,,4,345,0.485,Medium
EQ_0914,2024-02-08 02:00:00,Transformer,35.35941511069328,70.8563446087027,25.60493045782958,59.60447565236679,12.698017396851078,10.10331423045465,311.81215876955605,9.751917441720739,0,0.4160000288160122,7.585984855339051,49.06037048882482,5,260,0.343,Low
EQ_0915,2024-02-08 03:00:00,Transformer,18.189322104992875,75.68112147659357,28.99446776889914,76.66592392623762,5.517707717142015,11.105266452158805,84.97615696904337,27.735477717334952,0,0.5863385071897811,6.836807431300082,79.8964280914008,0,125,0.3,Low
EQ_0916,2024-02-08 04:00:00,Transformer,14.080166741239312,93.65557456364715,39.64897006427812,54.29801134011852,2.735027753673293,18.846018758024133,314.27387144606877,11.61666319379772,1,0.5396806233501256,8.28706832279266,78.26227147684364,2,196,0.562,Medium
EQ_0917,2024-02-08 05:00:00,CircuitBreaker,30.207744488756006,80.79483196417505,43.65905050568668,50.9194978291131,3.1689437540729464,12.6535406968272,391.60487395957796,14.3862262276739,0,0.7184059087081826,7.066012339628682,,0,283,0.393,Low
EQ_0918,2024-02-08 06:00:00,Cable,23.703682181552146,92.45940607556243,45.469708258780635,24.663776308988563,14.976318508856611,15.048049074389345,352.3661607029396,23.582338226574354,0,1.2916134356678053,2.011446774358385,,2,127,0.62,Medium
EQ_0919,2024-02-08 07:00:00,Cable,18.08439723122015,93.4162073645303,23.06620845067569,26.25936788640182,11.821784099178284,16.709723112865923,106.92827636646521,29.067341535133316,1,1.0458133036158959,5.680744148949255,,2,422,0.592,Medium
EQ_0920,2024-02-08 08:00:00,Transformer,32.077255590660165,80.15822823025,22.75975824893589,42.78821412884909,7.577460274399722,10.626615853463514,331.95328925443175,27.36652353861303,1,0.8929815079466336,8.027069350289288,50.54754020615191,0,257,0.483,Medium
EQ_0921,2024-02-08 09:00:00,Transformer,9.451871285705536,93.3353808564063,18.022179750510784,39.73507437951979,10.429784244365768,8.188958752546183,356.7098894704281,14.045454455881277,0,0.06721345267057098,3.705900765046697,71.79412770516575,1,411,0.253,Low
EQ_0922,2024-02-08 10:00:00,Relay,18.90221288669551,83.5113099170039,50.06392475340075,92.99880433842948,3.9896109698116815,9.242809465398015,242.2004053345079,31.626036335982672,0,1.4979951127883577,3.1186652395737395,,3,35,0.67,Medium
EQ_0923,2024-02-08 11:00:00,Cable,29.08241626902865,78.96290080476265,15.324327875448528,20.74020179487219,6.908490113433836,9.766698260086692,57.89939380070493,24.547040252906168,1,0.476304913462682,6.039037913823544,,2,167,0.466,Medium
EQ_0924,2024-02-08 12:00:00,Transformer,16.726653121797142,72.8468951312099,31.28694954395501,38.58186918324006,8.02201465378752,3.976570605729599,227.94209182561946,10.249219901459425,1,1.0229133287543881,7.7854391599728165,46.071682883746355,0,188,0.551,Medium
EQ_0925,2024-02-08 13:00:00,CircuitBreaker,21.566269949082837,70.05527931899134,38.9272978216801,41.15234383437163,7.914366852580618,10.349220187685823,373.52402116783014,20.825247009355518,1,0.8953477955915577,4.614878131879422,,4,401,0.719,High
EQ_0926,2024-02-08 14:00:00,Switch,35.52330849230169,90.53839137374868,26.416211612113663,87.53676686209856,6.48594540277635,16.57334287067188,338.0108239027257,11.099495042597068,0,1.0666546405061865,3.61578672375878,,3,188,0.474,Medium
EQ_0927,2024-02-08 15:00:00,Relay,16.62728742978738,76.59409422953684,44.02272990239793,38.38608334340289,0.013587528691353379,14.304737069652662,109.91466034229384,8.821024673311536,1,0.3943983748613872,4.419104700904336,,1,375,0.624,Medium
EQ_0928,2024-02-08 16:00:00,Relay,21.80128349672282,69.29253118066629,53.822933305094416,77.28504427356465,4.847910979865042,6.373945145707946,206.98989227896078,22.90861021460189,0,0.26224094655400326,2.700368323884571,,1,3,0.495,Medium
EQ_0929,2024-02-08 17:00:00,Cable,32.92360290217297,75.4313927927831,30.2077999190071,89.70174807600937,9.947217440997338,6.834237586833767,289.2948410036173,6.53144681529817,0,1.1166818570164796,5.383144364646156,,1,277,0.426,Medium
EQ_0930,2024-02-08 18:00:00,Switch,31.582282271249376,95.68449190818758,52.03154197978273,92.74120347642726,7.6825493390083075,7.202842282778761,212.76236365573547,24.627192089460742,0,1.3317967764632208,2.862876727001076,,2,0,0.644,Medium
EQ_0931,2024-02-08 19:00:00,Cable,34.627601595389386,91.64022672712679,54.15424060712938,90.42014186253498,4.1990599453785995,2.119118226880954,89.28437519705602,13.863029601613455,1,0.9405663997775819,8.238882934874553,,0,105,0.656,Medium
EQ_0932,2024-02-08 20:00:00,Relay,34.07825890246538,86.08884814670775,15.22525250992215,34.90534212148268,1.4958930578005192,7.2664895113802,225.47284777181108,7.171723821621143,0,0.5552930649037002,2.6126170716279034,,3,251,0.365,Low
EQ_0933,2024-02-08 21:00:00,Transformer,26.765034821507342,81.46389871040586,34.81270587735635,54.215343042676885,14.340295657298505,4.294702502431265,230.832490945356,25.87246894586407,0,0.8574243990451157,9.36118797145121,60.78825956027063,5,143,0.417,Medium
EQ_0934,2024-02-08 22:00:00,Transformer,21.446598367422162,70.56714714122712,39.35996444207714,43.056957475848485,2.404635592733533,10.89062585809016,236.3085921829687,8.048534313049284,0,1.0624124075669856,6.613949715857676,50.395950551057346,1,459,0.444,Medium
EQ_0935,2024-02-08 23:00:00,Relay,21.613611002467273,88.88936457787824,36.17742962165106,51.639126094685615,4.835076871214154,12.207877332881072,378.6880444085842,24.13711069289205,1,0.15838156027265748,5.146164761339204,,5,458,0.616,Medium
EQ_0936,2024-02-09 00:00:00,Switch,33.8338998138082,70.73941034823152,54.55502848550174,95.92555149163371,1.174117210948138,18.668266408991098,177.09640659081177,28.80714751104829,1,0.6566558396842437,4.967696014322643,,5,43,0.786,High
EQ_0937,2024-02-09 01:00:00,Relay,26.393049638348735,90.45984515900352,16.351566037929945,67.45247964217074,2.800994911460565,6.918990357264059,171.78903315432575,18.664629185971148,0,0.5344977972204514,1.9662500660560098,,4,68,0.401,Medium
EQ_0938,2024-02-09 02:00:00,Cable,12.223233417238092,68.96970158127183,33.80996341315017,96.35581558823908,1.7351283547217484,18.92528986006164,306.67653015623273,23.212467679222407,0,0.9856527452191662,8.440548835566538,,4,290,0.427,Medium
EQ_0939,2024-02-09 03:00:00,Transformer,11.10067606701482,82.63787538340071,42.88364553043034,66.94563560588509,12.49168606534942,1.4454341802270299,291.7453638247081,20.418748720387377,1,0.5997832527709179,4.062474840106278,74.14579480258061,5,493,0.733,High
EQ_0940,2024-02-09 04:00:00,CircuitBreaker,33.83886586468368,82.38910185693234,47.9889265630768,52.172510547517405,1.5359169418976482,1.230114729172771,67.96702996328715,16.264053832857087,0,0.538994738711971,7.461433212603126,,2,133,0.424,Medium
EQ_0941,2024-02-09 05:00:00,Switch,29.54182354596111,69.47476509617846,23.8449305155606,41.94094801271198,8.214179762142141,2.8903044781390053,96.87942679000014,31.482300008614867,1,1.2160942155817824,2.6258941188205327,,5,425,0.74,High
EQ_0942,2024-02-09 06:00:00,Switch,19.79046642925924,78.3130379784694,46.64016296261629,60.81703331824976,1.9177460549020053,14.779841263124878,188.91079237872162,13.09895468606797,1,0.5944730019300443,5.479809072462067,,3,139,0.684,Medium
EQ_0943,2024-02-09 07:00:00,CircuitBreaker,17.95034997609327,75.01526740516098,30.940081152159213,21.53383285999186,11.587467691444708,3.418897871351716,65.36661477072303,23.64986470843714,0,1.1722073867943248,8.324462184335589,,1,69,0.379,Low
EQ_0944,2024-02-09 08:00:00,Relay,22.311766297157398,73.95567735600957,44.48910708999307,75.97704617234697,3.6940610115475985,18.06815511725586,86.53001032899014,32.53258246896579,0,1.2973593259173237,7.191087809311677,,1,54,0.492,Medium
EQ_0945,2024-02-09 09:00:00,CircuitBreaker,35.22374676011515,88.94702388138752,22.618279881201836,55.37249104902494,1.0725453649745305,7.7931484457623075,309.56105690802303,16.43397047513207,1,0.5289265544287944,6.358201502592807,,3,160,0.527,Medium
EQ_0946,2024-02-09 10:00:00,Cable,33.29393134096796,69.37991258383727,30.418817387989417,32.65925934522102,10.430313760978045,2.1144912086226975,282.6827155030856,13.726883511543498,0,0.3384293799189758,9.427173020424869,,4,183,0.303,Low
EQ_0947,2024-02-09 11:00:00,CircuitBreaker,8.53721272563272,80.6955408847975,15.865079698471751,58.68744384834632,7.515710666916274,6.433249427894941,96.25662213375828,16.162463518830833,1,1.0247812629022206,8.041562277800132,,2,237,0.502,Medium
EQ_0948,2024-02-09 12:00:00,Switch,23.391767469256127,85.10519743875291,23.02465484498611,42.986426658211954,2.4284341507853764,4.985907000092227,128.71037307893613,20.025117232563417,0,0.8658986958965577,9.50452678739354,,0,80,0.251,Low
EQ_0949,2024-02-09 13:00:00,Switch,13.671548765944168,86.60859559468338,47.690370759500915,64.81931710264419,3.8250547875161356,5.251004600400004,63.73856857484997,14.246994116809006,0,1.129675334554901,1.4276598148639934,,1,427,0.602,Medium
EQ_0950,2024-02-09 14:00:00,Switch,14.359563192640088,88.48074245742168,46.30606251291506,56.425472804954275,10.471115077179732,7.759043373097841,105.96963575844464,16.750036325118476,0,0.8909533392945571,9.532479536676012,,0,364,0.381,Low
EQ_0951,2024-02-09 15:00:00,CircuitBreaker,9.993777610571643,82.71442872150385,28.156791128428974,60.66493554213557,0.35963171064797517,6.2605070940316265,336.9538516344517,20.956426814075215,1,0.7033446145833703,3.5697256454380564,,3,262,0.636,Medium
EQ_0952,2024-02-09 16:00:00,Transformer,16.643233160949322,79.10994157412695,48.42282839858242,97.37705654466147,6.579830720255618,7.867056774955237,346.292771536952,17.526443657180195,1,0.8504263498286943,3.0784749813887,80.89263946784914,2,419,0.756,High
EQ_0953,2024-02-09 17:00:00,CircuitBreaker,23.427661229852674,91.46200195696991,46.22930920114679,37.200381461602284,10.734533258366437,16.00108815902743,171.13753427383827,10.660446048361413,0,0.053816625590402865,5.058132877838333,,3,437,0.418,Medium
EQ_0954,2024-02-09 18:00:00,Cable,18.220549214626406,84.09238518093686,22.52164370355143,88.77324381331802,3.866328234421645,4.5285921017529995,218.24991976952458,19.468977641095407,0,0.3618735817383846,3.446746540533242,,0,236,0.302,Low
EQ_0955,2024-02-09 19:00:00,Transformer,12.921451935502104,88.83534517137184,45.80356125016328,56.98627979674261,10.711305340275262,14.71870783874891,98.39643468723301,32.086806670532496,0,1.240496323289825,2.8403511507624115,50.23907696603386,0,6,0.558,Medium
EQ_0956,2024-02-09 20:00:00,Transformer,11.6441732218079,72.01297831371564,44.92647196114785,57.57234055612989,11.744012591098008,14.925097887004108,261.61444972682756,24.531898377624348,0,0.0766158003497556,3.805998821245198,75.08021985926756,1,101,0.399,Low
EQ_0957,2024-02-09 21:00:00,Cable,8.271003651101083,68.95633136679521,49.07551929881533,74.72198893536574,3.9805459968051595,13.75925680237418,327.35983419874213,14.283445643972733,1,0.1022541973738218,9.39501212218961,,5,322,0.593,Medium
EQ_0958,2024-02-09 22:00:00,Transformer,18.010215310573283,71.08797113525648,34.6742748557259,81.4774236531307,3.3247097192633874,5.389801002667268,134.9502453795041,32.77517242645531,1,0.3362354139092867,6.179681952695116,90.88955529113304,0,11,0.51,Medium
EQ_0959,2024-02-09 23:00:00,Transformer,12.260000497455598,96.1547717381633,52.899089375824985,90.765758964661,3.2183478199500337,12.681101120219667,316.31201553643405,32.6227540613036,0,0.3116145420179871,7.894233095673668,58.63406434599121,5,227,0.472,Medium
EQ_0960,2024-02-10 00:00:00,CircuitBreaker,13.093167501472067,80.21993129520179,46.753436485944654,57.187984296324174,8.062846503045728,19.903188204002426,189.6882548450991,22.615820377149475,0,0.5796040923422893,4.535070816958345,,2,62,0.482,Medium
EQ_0961,2024-02-10 01:00:00,Transformer,28.173581849916836,95.19872230675162,36.69435801969286,81.47199431590238,1.3380983822544574,4.22316074863854,225.74607432183635,6.54031653797692,1,0.41663971920571025,5.656611608424695,40.82286590409654,0,86,0.543,Medium
EQ_0962,2024-02-10 02:00:00,Relay,15.671842300555209,82.90689376480022,37.92596991924982,94.06013544442443,9.680184348759118,8.294716050599876,375.62291199657375,27.191840551470445,1,0.340012935613484,2.177581252139378,,5,202,0.709,High
EQ_0963,2024-02-10 03:00:00,Cable,27.598537436539257,84.23661180173252,46.58694455171023,79.10440400629491,9.378173007862726,19.727643432577842,236.75640553864304,9.053855425546436,0,1.250996668983183,3.266680261111381,,3,349,0.616,Medium
EQ_0964,2024-02-10 04:00:00,Cable,30.54176229617363,95.75610578400149,42.871820558573646,67.68241287598408,6.905792635125609,7.288197319908065,173.55166284014268,23.182063054158945,0,1.1393460195597316,7.106653625359729,,2,109,0.484,Medium
EQ_0965,2024-02-10 05:00:00,CircuitBreaker,13.753892934613319,82.32562822416125,46.66560288732252,58.0563262551245,8.049349196032408,15.422720963416443,281.442857192782,17.0523128638246,1,1.3483484312316174,2.4631036179713073,,2,228,0.825,High
EQ_0966,2024-02-10 06:00:00,CircuitBreaker,36.86997700911942,71.44672477581088,15.597998844169556,91.20151209190118,3.674302625489341,14.593992548934418,333.85538122622427,29.192632557867153,0,1.4878116417130418,3.6463573903599915,,4,317,0.491,Medium
EQ_0967,2024-02-10 07:00:00,Relay,28.597056915890516,71.34659589014402,31.272371654273975,87.83773546500723,5.514870690886625,11.82190761071228,226.32070530362193,23.440691340025218,0,1.4606968646121576,1.501619738512619,,5,151,0.635,Medium
EQ_0968,2024-02-10 08:00:00,Cable,24.64488400754726,93.02783459825827,34.2553084699371,26.282174875325826,8.408090286251563,6.641477816476408,104.22962486827757,28.92393185865377,1,0.8063192938371264,9.3994877114116,,4,245,0.586,Medium
EQ_0969,2024-02-10 09:00:00,Transformer,31.374478633489,88.09618201943636,15.201020134612477,54.225876531059996,2.9622942247804844,18.215958220977356,111.10439463672608,13.723621394800709,0,0.7994133132150238,3.3702725709827135,51.54255725035166,2,196,0.362,Low
EQ_0970,2024-02-10 10:00:00,CircuitBreaker,25.37388042797982,70.5789561598957,17.32671034883699,49.779623614885715,10.809966817617935,11.096135165478959,198.0067639633726,21.275292234063727,1,0.5799046527472468,9.425317018889016,,1,329,0.403,Medium
EQ_0971,2024-02-10 11:00:00,Relay,9.592241836412455,87.52835289186523,50.65130659311002,84.31077669882028,2.760615522321701,5.918526979605767,300.9667785474867,8.275305097880668,0,1.2271994647572468,7.470162501443113,,5,410,0.591,Medium
EQ_0972,2024-02-10 12:00:00,Relay,29.158592827824936,70.90699973776015,43.710421792649235,74.3854500175976,12.463837362327759,0.83191912512939,58.088733963727265,16.07119169672114,0,0.26574301158127167,6.025460298131997,,3,400,0.413,Medium
EQ_0973,2024-02-10 13:00:00,Switch,34.60311814369572,79.35291217968646,48.798015090904165,20.019269961429316,2.527719651887763,0.6084707930817124,164.85151318027403,30.521119083805576,1,0.19058057921853222,6.457687990694203,,4,400,0.642,Medium
EQ_0974,2024-02-10 14:00:00,Cable,21.09338223446388,95.21557815860857,19.900765701483753,36.96222804017832,0.4431295291723991,8.678704992627475,147.241514847629,29.487460215038663,1,0.9271641791367449,6.526816641781315,,4,257,0.582,Medium
EQ_0975,2024-02-10 15:00:00,Switch,23.42541020955777,70.66365977964684,32.80074734901421,99.96041517668132,12.528439362690222,17.86918108334232,338.1292257362748,8.782125722636533,1,0.37979996839395946,1.0280948622076866,,2,92,0.649,Medium
EQ_0976,2024-02-10 16:00:00,Transformer,16.801793621465233,71.14961466804829,33.91173381206332,74.17019908591215,13.117579425571156,14.984343301817963,378.50495852247684,7.455253840632297,1,0.06766076135398509,6.9520430245259135,55.914382562223544,4,112,0.535,Medium
EQ_0977,2024-02-10 17:00:00,Transformer,15.35152946706742,77.59572554312004,25.791842315694566,60.91491250412698,6.602226708361988,10.248571027533126,285.44976402515266,16.452523742221004,1,0.4143961463561273,2.495804831278709,59.2210765742944,0,414,0.546,Medium
EQ_0978,2024-02-10 18:00:00,Cable,29.51238778213899,89.94444239323262,41.67621546736841,38.72225402454997,8.821293687820466,11.41379323153696,219.49316933840393,20.849432632364334,1,0.7630964173043188,6.089107294666974,,4,119,0.687,Medium
EQ_0979,2024-02-10 19:00:00,CircuitBreaker,28.749672684012733,71.17921763769975,44.98503008596095,30.870892010207534,0.9994199761556205,19.52159372442935,384.9471191046545,7.631786713395229,0,0.6927174901386951,2.6762044446979725,,1,336,0.504,Medium
EQ_0980,2024-02-10 20:00:00,CircuitBreaker,22.075002016898125,92.07514004698804,53.02447098971561,70.74021227612299,5.308585008177255,12.066511312891969,159.2004571379576,30.56523830246563,1,1.3120806715034636,6.024085752516949,,4,417,0.824,High
EQ_0981,2024-02-10 21:00:00,Transformer,17.419168546030456,76.50830059190638,16.33671978820238,85.26566808202362,6.755748195585119,6.502658568005288,214.88862424921385,28.105925742275605,0,0.23069060117590573,8.718903894176446,89.36298593095947,4,433,0.225,Low
EQ_0982,2024-02-10 22:00:00,Cable,35.45452953598276,79.5271517802562,23.685616161506875,49.89126547733588,4.993681443471049,3.523078250057201,262.5433345355208,18.86885233373298,1,1.3052664388698054,1.2889862243385242,,1,90,0.697,Medium
EQ_0983,2024-02-10 23:00:00,CircuitBreaker,26.672169899098662,90.12551747683527,45.37946276753228,90.88591736764201,10.935506142442412,18.556201232953924,166.42980993731203,19.586654252291662,1,0.07041551176019148,1.062618285729621,,5,357,0.736,High
EQ_0984,2024-02-11 00:00:00,Switch,14.963671993094078,70.92340871703347,25.408454717430146,34.163463562271794,0.4278003725797236,18.18608292812099,52.87809598611204,25.874217897101307,0,0.270614436033299,9.2100665979964,,5,358,0.29,Low
EQ_0985,2024-02-11 01:00:00,Switch,33.891082248106684,86.96313324470846,41.88936599202421,20.427131357575085,14.77307349170403,17.55665207151629,363.2871790055322,23.799602500373542,0,0.5499410465490779,9.042837841814327,,4,485,0.401,Medium
EQ_0986,2024-02-11 02:00:00,CircuitBreaker,16.453990916384576,84.31863475692388,18.989238893755296,93.75645041062002,2.1115568665682,4.497936114608145,245.34695534487525,26.630511005750503,1,0.9480593936076335,3.0892052152014053,,4,158,0.648,Medium
EQ_0987,2024-02-11 03:00:00,CircuitBreaker,8.02734823329722,89.95736682891574,54.40829303644375,84.79304962448724,6.90309927234923,18.075345227982133,193.4466855914225,20.173220274573623,1,0.7418381627237407,5.028614853989724,,0,46,0.695,Medium
EQ_0988,2024-02-11 04:00:00,Transformer,30.480532309523266,83.27629831081526,27.668684881008645,40.65265341267826,0.5662097545115008,11.66390323766092,130.48649539036197,9.999615894442343,0,0.9980534475501326,7.13088332039394,81.36851907417163,4,112,0.421,Medium
EQ_0989,2024-02-11 05:00:00,Transformer,22.60372999381915,93.92758355091271,52.453710135929114,84.58967518339915,9.53390223012281,6.074419071823773,394.0307225670774,13.401676514182334,1,0.343852536886125,4.979387024079244,43.12623138918136,0,169,0.632,Medium
EQ_0990,2024-02-11 06:00:00,Relay,36.376339475481934,85.06457313607632,37.278083666567014,72.46370239197759,7.4553547166581,0.6412703418908317,264.3089510941389,25.336694677823626,0,0.6542861379048771,7.815660148640736,,1,174,0.354,Low
EQ_0991,2024-02-11 07:00:00,CircuitBreaker,14.583037680814197,74.41702114091933,21.456679507502958,49.75958078313295,12.705180530836254,16.558241242981286,183.98847278722633,21.906205871466387,1,1.0951836588886277,3.170860971652207,,0,11,0.6,Medium
EQ_0992,2024-02-11 08:00:00,CircuitBreaker,12.876091490947665,96.19078380315702,39.70229252838474,98.51325774669311,5.066339806983437,14.06063399948263,127.9112727894332,13.052404624395649,0,0.7922580758409548,3.876563129572641,,0,433,0.445,Medium
EQ_0993,2024-02-11 09:00:00,Relay,12.861025351376949,75.62354035769046,16.429935778634587,76.35388971819893,7.381749856287924,1.8848613280905124,110.09289759497193,8.768432529041387,1,0.9382595720000209,1.8478932725124442,,0,191,0.578,Medium
EQ_0994,2024-02-11 10:00:00,Cable,29.874187658021267,68.59481666029134,24.975031519835685,91.25333407135257,10.77796977183369,1.4593666585137544,337.39413656981293,19.31194828158553,0,1.2778353893948025,6.406657970053541,,2,154,0.418,Medium
EQ_0995,2024-02-11 11:00:00,Switch,27.7731579289529,96.81154525147554,24.293421836960725,69.91564598091107,6.904820850860975,0.7890390584538287,55.06472452600276,9.219171601082184,0,0.9911830237808948,6.10446779122053,,1,374,0.363,Low
EQ_0996,2024-02-11 12:00:00,Cable,24.049457273748096,68.92384611331954,33.77211985440028,93.96982542740228,5.963878039659699,12.498449395769127,322.93653646810026,27.165982536830963,1,0.8029561194731435,8.721567508621026,,5,162,0.617,Medium
EQ_0997,2024-02-11 13:00:00,CircuitBreaker,19.34996470754866,93.77210322875915,24.609086655821812,42.41731255924569,0.7968093629850165,15.911636730845657,195.96933268144696,12.186148575607774,1,0.38609590254404047,9.112599471063099,,1,340,0.423,Medium
EQ_0998,2024-02-11 14:00:00,Relay,32.18358141337007,84.05239567535831,39.64443201662884,57.94604564402328,5.8749981431821325,18.30953762436663,93.96444623210573,17.298063322338155,0,0.5496147665824193,5.483356482260335,,3,157,0.44,Medium
EQ_0999,2024-02-11 15:00:00,Switch,21.271324361810077,83.04779641788136,20.596759089079764,61.05132012106217,3.636282208308163,3.686626979763825,72.69197657516693,26.591619086415804,0,0.669790785242012,6.639793149805826,,1,373,0.289,Low
